ruta_sap,cliente_id,nombre_cliente,status_registro,categoría,%_venta_digital
RT001,200000018,Abarrotes El Progreso 72,registrado,non digital,0 %
RT001,200000324,Minisuper La Esperanza 85,registrado,non digital,0 %
RT001,200000612,Depósito La Fortuna 88,registrado,non digital,0 %
RT001,200000616,Mercadito Santa Cruz 42,registrado,non digital,0 %
RT001,200001691,Bodega La Perla 43,registrado,non digital,0 %
RT002,200000106,Super Del Norte 46,registrado,non digital,0 %
RT002,200000113,Depósito El Roble 51,registrado,non digital,0 %
RT002,200000119,Bodega Del Valle 58,registrado,non digital,0 %
RT002,200000145,Abarrotes La Esperanza 6,registrado,non digital,0 %
RT002,200000162,Abarrotes Los Alamos 74,registrado,non digital,0 %
RT002,200000225,Tienda Santa Fe 63,registrado,non digital,0 %
RT002,200000265,Mercadito San José 6,registrado,non digital,0 %
RT002,200000292,Abarrotes Santa Fe 7,registrado,non digital,0 %
RT002,200000297,Bodega La Esperanza 55,registrado,non digital,0 %
RT002,200000299,Tienda El Trebol 1,registrado,non digital,0 %
RT002,200000348,Comercial Los Pinos 41,registrado,non digital,0 %
RT002,200000374,Bodega San José 20,registrado,non digital,0 %
RT002,200000402,Comercial Del Norte 80,registrado,non digital,0 %
RT002,200000433,Super Las Flores 40,registrado,non digital,0 %
RT002,200000474,Bodega La Perla 87,registrado,non digital,0 %
RT002,200000528,Depósito San José 88,registrado,non digital,0 %
RT002,200000532,Mini Market Del Valle 49,registrado,non digital,0 %
RT002,200000648,Frutería El Sol 94,registrado,non digital,0 %
RT002,200000744,Mercadito El Sol 20,registrado,non digital,0 %
RT002,200000776,Tienda La Esperanza 13,registrado,non digital,0 %
RT002,200000804,Tienda El Encanto 60,registrado,non digital,0 %
RT002,200000813,Abarrotes El Progreso 1,registrado,non digital,0 %
RT002,200000853,Bodega San José 65,registrado,non digital,0 %
RT002,200000882,Frutería El Sol 64,registrado,non digital,0 %
RT002,200000894,Bodega El Trebol 28,registrado,non digital,0 %
RT002,200000991,Super El Sol 47,registrado,non digital,0 %
RT002,200000999,Frutería La Perla 30,registrado,non digital,0 %
RT002,200001031,Minisuper El Mirador 97,registrado,non digital,0 %
RT002,200001078,Abarrotes San José 23,registrado,non digital,0 %
RT002,200001088,Depósito Santa Cruz 39,registrado,non digital,0 %
RT002,200001125,Mini Market La Esperanza 25,registrado,non digital,0 %
RT002,200001295,Abarrotes La Unión 37,registrado,non digital,0 %
RT002,200001445,Mini Market Del Norte 12,registrado,non digital,0 %
RT002,200001468,Bodega La Unión 67,registrado,non digital,0 %
RT002,200001518,Comercial Las Flores 82,registrado,non digital,0 %
RT002,200001554,Minisuper Los Alamos 92,registrado,non digital,0 %
RT002,200001566,Depósito Los Pinos 88,registrado,non digital,0 %
RT002,200001571,Comercial Santa Cruz 16,registrado,non digital,0 %
RT002,200001619,Frutería Los Pinos 41,registrado,non digital,0 %
RT002,200001649,Abarrotes Del Valle 45,registrado,non digital,0 %
RT002,200001683,Super El Sol 21,registrado,non digital,0 %
RT002,200001745,Bodega Santa Cruz 50,registrado,non digital,0 %
RT002,200001746,Abarrotes La Unión 15,registrado,non digital,0 %
RT002,200001748,Super La Victoria 71,registrado,non digital,0 %
RT002,200001761,Mini Market La Perla 71,registrado,non digital,0 %
RT002,200001985,Comercial Santa Cruz 49,registrado,non digital,0 %
RT002,200001989,Mini Market La Perla 99,registrado,non digital,0 %
RT002,200001997,Mercadito Los Alamos 4,registrado,non digital,0 %
RT003,200000048,Depósito El Progreso 23,registrado,non digital,0 %
RT003,200000055,Frutería Buena Vista 96,registrado,non digital,0 %
RT003,200000093,Depósito Santa Cruz 53,registrado,non digital,0 %
RT003,200000199,Comercial San José 46,registrado,non digital,0 %
RT003,200000259,Minisuper Los Pinos 62,registrado,non digital,0 %
RT003,200000308,Mercadito Las Flores 10,registrado,non digital,0 %
RT003,200000310,Bodega La Victoria 69,registrado,non digital,0 %
RT003,200000323,Depósito La Unión 60,registrado,non digital,0 %
RT003,200000346,Minisuper El Progreso 85,registrado,non digital,0 %
RT003,200000466,Mini Market El Mirador 88,registrado,non digital,0 %
RT003,200000546,Mercadito Del Valle 66,registrado,non digital,0 %
RT003,200000573,Comercial Santa Cruz 53,registrado,non digital,0 %
RT003,200000715,Mercadito El Sol 74,registrado,non digital,0 %
RT003,200000716,Minisuper La Esperanza 17,registrado,non digital,0 %
RT003,200000720,Bodega Del Valle 36,registrado,non digital,0 %
RT003,200000728,Super San José 36,registrado,non digital,0 %
RT003,200000742,Tienda El Progreso 61,registrado,non digital,0 %
RT003,200000743,Tienda El Progreso 91,registrado,non digital,0 %
RT003,200000792,Comercial San José 55,registrado,non digital,0 %
RT003,200000877,Super El Mirador 59,registrado,non digital,0 %
RT003,200000904,Depósito Las Flores 89,registrado,non digital,0 %
RT003,200001050,Minisuper El Mirador 71,registrado,non digital,0 %
RT003,200001052,Tienda Los Pinos 48,registrado,non digital,0 %
RT003,200001057,Frutería Del Valle 31,registrado,non digital,0 %
RT003,200001286,Mini Market San José 20,registrado,non digital,0 %
RT003,200001289,Minisuper Del Valle 31,registrado,non digital,0 %
RT003,200001314,Comercial Santa Fe 62,registrado,non digital,0 %
RT003,200001342,Mercadito El Roble 60,registrado,non digital,0 %
RT003,200001498,Bodega Santa Fe 94,registrado,non digital,0 %
RT003,200001537,Mercadito La Victoria 91,registrado,non digital,0 %
RT003,200001715,Depósito Santa Fe 81,registrado,non digital,0 %
RT003,200001725,Abarrotes Los Pinos 3,registrado,non digital,0 %
RT003,200001734,Mercadito El Mirador 42,registrado,non digital,0 %
RT003,200001747,Frutería El Trebol 34,registrado,non digital,0 %
RT003,200001850,Minisuper Los Alamos 81,registrado,non digital,0 %
RT003,200001875,Depósito La Perla 84,registrado,non digital,0 %
RT003,200001926,Super Las Flores 96,registrado,non digital,0 %
RT003,200001945,Abarrotes La Unión 20,registrado,non digital,0 %
RT003,200001960,Bodega El Mirador 50,registrado,non digital,0 %
RT004,200000032,Super El Trebol 95,registrado,non digital,0 %
RT004,200000108,Abarrotes Santa Fe 4,registrado,non digital,0 %
RT004,200000120,Bodega El Roble 97,registrado,non digital,0 %
RT004,200000128,Minisuper Los Pinos 91,registrado,non digital,0 %
RT004,200000131,Abarrotes Los Pinos 44,registrado,non digital,0 %
RT004,200000143,Abarrotes Las Flores 44,registrado,non digital,0 %
RT004,200000144,Mini Market El Progreso 5,registrado,non digital,0 %
RT004,200000146,Mercadito La Fortuna 48,registrado,non digital,0 %
RT004,200000195,Comercial Buena Vista 86,registrado,non digital,0 %
RT004,200000202,Bodega El Encanto 65,registrado,non digital,0 %
RT004,200000224,Comercial Santa Fe 47,registrado,non digital,0 %
RT004,200000247,Comercial La Unión 18,registrado,non digital,0 %
RT004,200000251,Mini Market El Trebol 80,registrado,non digital,0 %
RT004,200000368,Comercial Los Pinos 64,registrado,non digital,0 %
RT004,200000384,Minisuper San José 42,registrado,non digital,0 %
RT004,200000413,Minisuper Los Pinos 75,registrado,non digital,0 %
RT004,200000421,Minisuper La Fortuna 37,registrado,non digital,0 %
RT004,200000429,Mini Market La Unión 39,registrado,non digital,0 %
RT004,200000445,Super La Esperanza 3,registrado,non digital,0 %
RT004,200000446,Frutería Del Norte 57,registrado,non digital,0 %
RT004,200000483,Comercial La Esperanza 3,registrado,non digital,0 %
RT004,200000489,Mercadito La Perla 32,registrado,non digital,0 %
RT004,200000508,Abarrotes El Sol 40,registrado,non digital,0 %
RT004,200000510,Bodega El Sol 88,registrado,non digital,0 %
RT004,200000687,Abarrotes La Perla 3,registrado,non digital,0 %
RT004,200000740,Tienda Los Pinos 45,registrado,non digital,0 %
RT004,200000779,Tienda Santa Fe 76,registrado,non digital,0 %
RT004,200000860,Mercadito Santa Cruz 57,registrado,non digital,0 %
RT004,200000863,Minisuper Los Pinos 95,registrado,non digital,0 %
RT004,200000907,Minisuper El Encanto 93,registrado,non digital,0 %
RT004,200000922,Mercadito Del Norte 85,registrado,non digital,0 %
RT004,200000946,Frutería La Perla 12,registrado,non digital,0 %
RT004,200001087,Bodega Buena Vista 66,registrado,non digital,0 %
RT004,200001135,Super La Unión 83,registrado,non digital,0 %
RT004,200001143,Super La Perla 6,registrado,non digital,0 %
RT004,200001197,Mini Market La Victoria 94,registrado,non digital,0 %
RT004,200001266,Tienda El Encanto 55,registrado,non digital,0 %
RT004,200001311,Minisuper La Victoria 85,registrado,non digital,0 %
RT004,200001321,Minisuper El Encanto 64,registrado,non digital,0 %
RT004,200001369,Frutería Las Flores 32,registrado,non digital,0 %
RT004,200001463,Mercadito San José 64,registrado,non digital,0 %
RT004,200001470,Bodega Los Pinos 93,registrado,non digital,0 %
RT004,200001536,Minisuper El Mirador 76,registrado,non digital,0 %
RT004,200001562,Minisuper El Roble 57,registrado,non digital,0 %
RT004,200001600,Tienda El Trebol 58,registrado,non digital,0 %
RT004,200001628,Super Los Pinos 37,registrado,non digital,0 %
RT004,200001648,Bodega La Perla 86,registrado,non digital,0 %
RT004,200001915,Minisuper La Perla 29,registrado,non digital,0 %
RT004,200001961,Tienda Los Pinos 35,registrado,non digital,0 %
RT005,200000013,Frutería La Esperanza 42,registrado,non digital,0 %
RT005,200000021,Tienda El Progreso 19,registrado,non digital,0 %
RT005,200000038,Mini Market La Esperanza 47,registrado,non digital,0 %
RT005,200000220,Minisuper Santa Fe 35,registrado,non digital,0 %
RT005,200000236,Depósito El Encanto 2,registrado,non digital,0 %
RT005,200000272,Tienda Los Alamos 25,registrado,non digital,0 %
RT005,200000738,Super Santa Cruz 50,registrado,non digital,0 %
RT005,200000839,Mercadito El Trebol 40,registrado,non digital,0 %
RT005,200001074,Comercial Del Valle 95,registrado,non digital,0 %
RT005,200001325,Bodega Santa Cruz 13,registrado,non digital,0 %
RT005,200001646,Comercial Las Flores 43,registrado,non digital,0 %
RT005,200001675,Depósito Los Alamos 58,registrado,non digital,0 %
RT005,200001803,Super El Sol 60,registrado,non digital,0 %
RT005,200001911,Minisuper Los Alamos 53,registrado,non digital,0 %
RT005,200001911,Minisuper Los Alamos 53,registrado,non digital,0 %
RT006,200000068,Mercadito Buena Vista 72,registrado,non digital,0 %
RT006,200000515,Mercadito El Sol 57,registrado,non digital,0 %
RT006,200000515,Mercadito El Sol 57,registrado,non digital,0 %
RT006,200000584,Minisuper Santa Fe 53,registrado,non digital,0 %
RT006,200000584,Minisuper Santa Fe 53,registrado,non digital,0 %
RT006,200000837,Mini Market El Roble 22,registrado,non digital,0 %
RT006,200000837,Mini Market El Roble 22,registrado,non digital,0 %
RT006,200000840,Depósito El Mirador 58,registrado,non digital,0 %
RT006,200000840,Depósito El Mirador 58,registrado,non digital,0 %
RT006,200000914,Mini Market Del Valle 77,registrado,non digital,0 %
RT006,200000914,Mini Market Del Valle 77,registrado,non digital,0 %
RT006,200000967,Super Del Norte 6,registrado,non digital,0 %
RT006,200001058,Abarrotes La Unión 72,registrado,non digital,0 %
RT006,200001151,Bodega Buena Vista 55,registrado,non digital,0 %
RT006,200001160,Super La Perla 66,registrado,non digital,0 %
RT006,200001161,Minisuper La Fortuna 30,registrado,non digital,0 %
RT006,200001221,Depósito El Roble 54,registrado,non digital,0 %
RT006,200001253,Bodega El Encanto 40,registrado,non digital,0 %
RT006,200001305,Abarrotes Las Flores 90,registrado,non digital,0 %
RT006,200001384,Frutería La Perla 46,registrado,non digital,0 %
RT006,200001516,Mini Market La Fortuna 17,registrado,non digital,0 %
RT006,200001516,Mini Market La Fortuna 17,registrado,non digital,0 %
RT006,200001641,Depósito San José 77,registrado,non digital,0 %
RT006,200001645,Bodega La Perla 20,registrado,non digital,0 %
RT006,200001652,Mini Market Los Alamos 12,registrado,non digital,0 %
RT006,200001661,Depósito El Roble 6,registrado,non digital,0 %
RT006,200001703,Mini Market El Roble 41,registrado,non digital,0 %
RT006,200001711,Comercial El Progreso 96,registrado,non digital,0 %
RT006,200001717,Depósito Las Flores 67,registrado,non digital,0 %
RT006,200001719,Comercial El Mirador 9,registrado,non digital,0 %
RT006,200001720,Bodega El Roble 26,registrado,non digital,0 %
RT006,200001723,Mini Market Buena Vista 51,registrado,non digital,0 %
RT006,200001741,Super La Perla 90,registrado,non digital,0 %
RT006,200001766,Super Del Norte 44,registrado,non digital,0 %
RT006,200001863,Abarrotes El Trebol 7,registrado,non digital,0 %
RT006,200001871,Bodega El Trebol 37,registrado,non digital,0 %
RT006,200001873,Comercial Los Alamos 60,registrado,non digital,0 %
RT006,200001882,Comercial El Trebol 37,registrado,non digital,0 %
RT006,200001883,Depósito Santa Cruz 32,registrado,non digital,0 %
RT006,200001886,Tienda Santa Cruz 60,registrado,non digital,0 %
RT006,200001951,Mini Market Los Pinos 95,registrado,non digital,0 %
RT006,200001955,Comercial El Progreso 3,registrado,non digital,0 %
RT006,200001962,Tienda El Encanto 76,registrado,non digital,0 %
RT006,200002044,Comercial Los Pinos 92,registrado,non digital,0 %
RT007,200000035,Bodega Del Valle 16,registrado,non digital,0 %
RT007,200000231,Frutería La Esperanza 42,registrado,non digital,0 %
RT007,200000411,Comercial El Mirador 8,registrado,non digital,0 %
RT007,200000586,Mini Market Buena Vista 62,registrado,non digital,0 %
RT007,200000702,Comercial La Perla 59,registrado,non digital,0 %
RT007,200000723,Depósito Santa Cruz 96,registrado,non digital,0 %
RT007,200000733,Abarrotes El Encanto 16,registrado,non digital,0 %
RT007,200000753,Mercadito Santa Fe 85,registrado,non digital,0 %
RT007,200000797,Minisuper El Roble 97,registrado,non digital,0 %
RT007,200000801,Minisuper Los Pinos 13,registrado,non digital,0 %
RT007,200000897,Abarrotes Las Flores 36,registrado,non digital,0 %
RT007,200000900,Super Del Norte 86,registrado,non digital,0 %
RT007,200000917,Minisuper La Esperanza 14,registrado,non digital,0 %
RT007,200001265,Comercial El Roble 95,registrado,non digital,0 %
RT007,200001625,Bodega Buena Vista 66,registrado,non digital,0 %
RT007,200001724,Depósito Del Valle 8,registrado,non digital,0 %
RT007,200001852,Super El Sol 47,registrado,non digital,0 %
RT007,200001904,Abarrotes Los Alamos 16,registrado,non digital,0 %
RT007,200001916,Tienda El Mirador 66,registrado,non digital,0 %
RT007,200001974,Comercial Santa Fe 5,registrado,non digital,0 %
RT007,200001979,Bodega Santa Cruz 22,registrado,non digital,0 %
RT008,200000080,Comercial Los Alamos 6,registrado,non digital,0 %
RT008,200000089,Comercial La Perla 15,registrado,non digital,0 %
RT008,200000091,Minisuper El Progreso 73,registrado,non digital,0 %
RT008,200000115,Super El Progreso 72,registrado,non digital,0 %
RT008,200000291,Super Del Valle 75,registrado,non digital,0 %
RT008,200000330,Minisuper La Esperanza 79,registrado,non digital,0 %
RT008,200000361,Depósito La Victoria 13,registrado,non digital,0 %
RT008,200000614,Depósito Buena Vista 89,registrado,non digital,0 %
RT008,200000697,Minisuper Buena Vista 11,registrado,non digital,0 %
RT008,200000764,Mercadito Los Alamos 56,registrado,non digital,0 %
RT008,200000793,Frutería El Mirador 44,registrado,non digital,0 %
RT008,200000794,Mini Market El Mirador 93,registrado,non digital,0 %
RT008,200000795,Bodega El Trebol 48,registrado,non digital,0 %
RT008,200000870,Minisuper Del Valle 2,registrado,non digital,0 %
RT008,200000888,Super Los Alamos 55,registrado,non digital,0 %
RT008,200000896,Super El Encanto 21,registrado,non digital,0 %
RT008,200001077,Abarrotes El Trebol 83,registrado,non digital,0 %
RT008,200001090,Mini Market La Victoria 28,registrado,non digital,0 %
RT008,200001092,Comercial El Trebol 66,registrado,non digital,0 %
RT008,200001140,Minisuper La Esperanza 69,registrado,non digital,0 %
RT008,200001141,Super Los Alamos 13,registrado,non digital,0 %
RT008,200001188,Comercial Santa Fe 23,registrado,non digital,0 %
RT008,200001194,Minisuper Del Valle 28,registrado,non digital,0 %
RT008,200001250,Mini Market Los Pinos 70,registrado,non digital,0 %
RT008,200001378,Bodega El Mirador 10,registrado,non digital,0 %
RT008,200001411,Comercial La Perla 99,registrado,non digital,0 %
RT008,200001456,Tienda El Mirador 81,registrado,non digital,0 %
RT008,200001464,Bodega El Roble 20,registrado,non digital,0 %
RT008,200001485,Depósito Buena Vista 68,registrado,non digital,0 %
RT008,200001502,Abarrotes El Encanto 35,registrado,non digital,0 %
RT008,200001504,Bodega Las Flores 5,registrado,non digital,0 %
RT008,200001505,Mercadito La Fortuna 1,registrado,non digital,0 %
RT008,200001590,Comercial La Victoria 56,registrado,non digital,0 %
RT008,200001616,Tienda El Sol 20,registrado,non digital,0 %
RT008,200001618,Super La Victoria 34,registrado,non digital,0 %
RT008,200001629,Minisuper La Esperanza 53,registrado,non digital,0 %
RT008,200001678,Mercadito Santa Cruz 53,registrado,non digital,0 %
RT008,200001730,Mercadito La Victoria 67,registrado,non digital,0 %
RT008,200001732,Tienda La Fortuna 46,registrado,non digital,0 %
RT008,200001735,Frutería El Roble 58,registrado,non digital,0 %
RT008,200001791,Comercial Las Flores 5,registrado,non digital,0 %
RT008,200001801,Super Los Pinos 71,registrado,non digital,0 %
RT008,200001814,Minisuper La Esperanza 74,registrado,non digital,0 %
RT008,200001818,Tienda La Esperanza 96,registrado,non digital,0 %
RT008,200001837,Bodega La Fortuna 36,registrado,non digital,0 %
RT008,200002000,Mini Market La Esperanza 17,registrado,non digital,0 %
RT008,200002010,Mini Market Del Norte 70,registrado,non digital,0 %
RT009,200000184,Depósito Las Flores 54,registrado,non digital,0 %
RT009,200000221,Mini Market Los Pinos 69,registrado,non digital,0 %
RT009,200000331,Mini Market Buena Vista 81,registrado,non digital,0 %
RT009,200000382,Super La Fortuna 68,registrado,non digital,0 %
RT009,200000457,Comercial La Unión 61,registrado,non digital,0 %
RT009,200000480,Comercial El Sol 15,registrado,non digital,0 %
RT009,200000499,Tienda Las Flores 83,registrado,non digital,0 %
RT009,200000527,Super La Fortuna 3,registrado,non digital,0 %
RT009,200000711,Frutería La Unión 62,registrado,non digital,0 %
RT009,200000745,Mercadito La Fortuna 20,registrado,non digital,0 %
RT009,200000796,Abarrotes La Victoria 65,registrado,non digital,0 %
RT009,200000838,Super El Progreso 77,registrado,non digital,0 %
RT009,200000906,Depósito Las Flores 76,registrado,non digital,0 %
RT009,200000908,Bodega Santa Fe 52,registrado,non digital,0 %
RT009,200000918,Mercadito Las Flores 19,registrado,non digital,0 %
RT009,200000954,Bodega Los Pinos 22,registrado,non digital,0 %
RT009,200000960,Mercadito Los Pinos 22,registrado,non digital,0 %
RT009,200000964,Mercadito El Mirador 18,registrado,non digital,0 %
RT009,200000985,Depósito El Progreso 24,registrado,non digital,0 %
RT009,200001071,Minisuper La Perla 19,registrado,non digital,0 %
RT009,200001435,Minisuper Santa Fe 7,registrado,non digital,0 %
RT009,200001436,Comercial La Esperanza 18,registrado,non digital,0 %
RT009,200001475,Tienda La Esperanza 67,registrado,non digital,0 %
RT009,200001476,Frutería Los Pinos 70,registrado,non digital,0 %
RT009,200001477,Depósito El Trebol 39,registrado,non digital,0 %
RT009,200001541,Depósito El Roble 18,registrado,non digital,0 %
RT009,200001587,Minisuper El Trebol 95,registrado,non digital,0 %
RT009,200001589,Mercadito El Trebol 14,registrado,non digital,0 %
RT009,200001627,Minisuper San José 12,registrado,non digital,0 %
RT009,200001706,Depósito Santa Fe 86,registrado,non digital,0 %
RT009,200001721,Bodega La Fortuna 83,registrado,non digital,0 %
RT009,200001830,Frutería Los Alamos 32,registrado,non digital,0 %
RT009,200001957,Tienda El Trebol 8,registrado,non digital,0 %
RT009,200002017,Mini Market Del Norte 69,registrado,non digital,0 %
RT009,200002020,Mini Market El Mirador 41,registrado,non digital,0 %
RT009,200002033,Bodega El Encanto 37,registrado,non digital,0 %
RT009,200002052,Minisuper Santa Cruz 46,registrado,non digital,0 %
RT010,200000007,Comercial El Encanto 31,registrado,non digital,0 %
RT010,200000127,Depósito El Sol 94,registrado,non digital,0 %
RT010,200000242,Mercadito El Encanto 12,registrado,non digital,0 %
RT010,200000334,Minisuper La Perla 69,registrado,non digital,0 %
RT010,200000420,Super San José 21,registrado,non digital,0 %
RT010,200000502,Comercial Buena Vista 53,registrado,non digital,0 %
RT010,200001116,Comercial La Esperanza 27,registrado,non digital,0 %
RT010,200001223,Comercial Del Norte 63,registrado,non digital,0 %
RT010,200001413,Tienda Santa Cruz 23,registrado,non digital,0 %
RT010,200001666,Minisuper Santa Cruz 20,registrado,non digital,0 %
RT011,200000014,Depósito El Encanto 2,registrado,non digital,0 %
RT011,200000014,Depósito El Encanto 2,registrado,non digital,0 %
RT011,200000052,Minisuper El Sol 94,registrado,non digital,0 %
RT011,200000124,Bodega El Encanto 27,registrado,non digital,0 %
RT011,200000135,Frutería La Esperanza 44,registrado,non digital,0 %
RT011,200000140,Minisuper El Encanto 40,registrado,non digital,0 %
RT011,200000140,Minisuper El Encanto 40,registrado,non digital,0 %
RT011,200000151,Tienda El Trebol 1,registrado,non digital,0 %
RT011,200000151,Tienda El Trebol 1,registrado,non digital,0 %
RT011,200000152,Comercial El Sol 27,registrado,non digital,0 %
RT011,200000174,Abarrotes Del Norte 36,registrado,non digital,0 %
RT011,200000194,Bodega San José 91,registrado,non digital,0 %
RT011,200000200,Mini Market Las Flores 37,registrado,non digital,0 %
RT011,200000262,Minisuper El Encanto 17,registrado,non digital,0 %
RT011,200000360,Frutería La Unión 13,registrado,non digital,0 %
RT011,200000370,Mini Market Los Pinos 55,registrado,non digital,0 %
RT011,200000378,Abarrotes El Progreso 10,registrado,non digital,0 %
RT011,200000407,Depósito El Mirador 16,registrado,non digital,0 %
RT011,200000431,Frutería San José 73,registrado,non digital,0 %
RT011,200000436,Super La Fortuna 92,registrado,non digital,0 %
RT011,200000452,Bodega Santa Fe 78,registrado,non digital,0 %
RT011,200000464,Depósito Los Alamos 82,registrado,non digital,0 %
RT011,200000495,Bodega La Unión 30,registrado,non digital,0 %
RT011,200000495,Bodega La Unión 30,registrado,non digital,0 %
RT011,200000513,Comercial La Victoria 59,registrado,non digital,0 %
RT011,200000518,Depósito Las Flores 38,registrado,non digital,0 %
RT011,200000562,Comercial San José 53,registrado,non digital,0 %
RT011,200000775,Bodega La Esperanza 44,registrado,non digital,0 %
RT011,200000815,Frutería San José 2,registrado,non digital,0 %
RT011,200000815,Frutería San José 2,registrado,non digital,0 %
RT011,200000831,Tienda El Encanto 56,registrado,non digital,0 %
RT011,200000925,Mini Market El Roble 43,registrado,non digital,0 %
RT011,200000935,Depósito La Victoria 28,registrado,non digital,0 %
RT011,200001006,Mini Market El Progreso 81,registrado,non digital,0 %
RT011,200001027,Mini Market La Perla 98,registrado,non digital,0 %
RT011,200001032,Comercial La Unión 19,registrado,non digital,0 %
RT011,200001034,Comercial El Mirador 80,registrado,non digital,0 %
RT011,200001036,Abarrotes El Sol 72,registrado,non digital,0 %
RT011,200001043,Mercadito Las Flores 47,registrado,non digital,0 %
RT011,200001126,Minisuper Del Valle 47,registrado,non digital,0 %
RT011,200001164,Tienda La Esperanza 1,registrado,non digital,0 %
RT011,200001165,Tienda El Sol 92,registrado,non digital,0 %
RT011,200001171,Comercial El Encanto 95,registrado,non digital,0 %
RT011,200001173,Bodega El Sol 14,registrado,non digital,0 %
RT011,200001177,Abarrotes San José 57,registrado,non digital,0 %
RT011,200001211,Super Del Norte 86,registrado,non digital,0 %
RT011,200001229,Mini Market El Trebol 37,registrado,non digital,0 %
RT011,200001397,Depósito Santa Fe 90,registrado,non digital,0 %
RT011,200001478,Minisuper El Progreso 10,registrado,non digital,0 %
RT011,200001548,Frutería Del Valle 35,registrado,non digital,0 %
RT011,200001558,Comercial La Esperanza 56,registrado,non digital,0 %
RT011,200001670,Bodega Buena Vista 58,registrado,non digital,0 %
RT011,200001679,Comercial Los Alamos 50,registrado,non digital,0 %
RT011,200001738,Bodega Las Flores 73,registrado,non digital,0 %
RT011,200001787,Tienda El Sol 27,registrado,non digital,0 %
RT012,200000011,Abarrotes La Perla 96,registrado,non digital,0 %
RT012,200000098,Comercial Santa Cruz 55,registrado,non digital,0 %
RT012,200000208,Mini Market Buena Vista 59,registrado,non digital,0 %
RT012,200000337,Bodega La Perla 76,registrado,non digital,0 %
RT012,200000401,Super El Sol 64,registrado,non digital,0 %
RT012,200000406,Frutería El Encanto 87,registrado,non digital,0 %
RT012,200000428,Minisuper San José 20,registrado,non digital,0 %
RT012,200000557,Mercadito La Fortuna 8,registrado,non digital,0 %
RT012,200000574,Super San José 47,registrado,non digital,0 %
RT012,200000576,Frutería La Victoria 5,registrado,non digital,0 %
RT012,200000578,Frutería Del Norte 87,registrado,non digital,0 %
RT012,200000582,Comercial Del Norte 59,registrado,non digital,0 %
RT012,200000866,Mercadito Los Pinos 84,registrado,non digital,0 %
RT012,200000880,Minisuper San José 71,registrado,non digital,0 %
RT012,200000949,Tienda Del Norte 58,registrado,non digital,0 %
RT012,200001081,Mercadito El Trebol 89,registrado,non digital,0 %
RT012,200001101,Depósito El Sol 53,registrado,non digital,0 %
RT012,200001123,Mini Market El Progreso 81,registrado,non digital,0 %
RT012,200001490,Super La Fortuna 65,registrado,non digital,0 %
RT012,200001519,Minisuper Santa Fe 86,registrado,non digital,0 %
RT012,200001523,Comercial La Victoria 95,registrado,non digital,0 %
RT012,200001529,Bodega El Progreso 86,registrado,non digital,0 %
RT012,200001530,Bodega El Encanto 9,registrado,non digital,0 %
RT012,200001532,Super Buena Vista 96,registrado,non digital,0 %
RT012,200001533,Tienda Buena Vista 92,registrado,non digital,0 %
RT012,200001605,Bodega San José 37,registrado,non digital,0 %
RT012,200001698,Depósito La Esperanza 67,registrado,non digital,0 %
RT012,200001906,Comercial El Mirador 14,registrado,non digital,0 %
RT012,200001931,Super Del Norte 48,registrado,non digital,0 %
RT012,200001934,Abarrotes Del Valle 24,registrado,non digital,0 %
RT012,200001935,Frutería Los Alamos 12,registrado,non digital,0 %
RT012,200001936,Frutería Del Valle 94,registrado,non digital,0 %
RT012,200001944,Bodega Las Flores 21,registrado,non digital,0 %
RT012,200001959,Frutería La Perla 78,registrado,non digital,0 %
RT012,200002005,Depósito La Fortuna 23,registrado,non digital,0 %
RT012,200002012,Bodega El Progreso 60,registrado,non digital,0 %
RT012,200002034,Comercial La Fortuna 26,registrado,non digital,0 %
RT013,200000012,Tienda El Mirador 99,registrado,non digital,0 %
RT013,200000099,Comercial El Mirador 36,registrado,non digital,0 %
RT013,200000288,Depósito Buena Vista 94,registrado,non digital,0 %
RT013,200000294,Minisuper Las Flores 64,registrado,non digital,0 %
RT013,200000311,Abarrotes El Progreso 8,registrado,non digital,0 %
RT013,200000311,Abarrotes El Progreso 8,registrado,non digital,0 %
RT013,200000923,Mini Market Santa Fe 44,registrado,non digital,0 %
RT013,200001252,Mercadito Del Valle 47,registrado,non digital,0 %
RT013,200001272,Mini Market El Encanto 15,registrado,non digital,0 %
RT013,200001668,Mercadito Santa Cruz 54,registrado,non digital,0 %
RT013,200001900,Mini Market Buena Vista 35,registrado,non digital,0 %
RT013,200001995,Mercadito La Victoria 19,registrado,non digital,0 %
RT014,200000036,Bodega El Roble 56,registrado,non digital,0 %
RT014,200000064,Comercial Buena Vista 59,registrado,non digital,0 %
RT014,200000260,Super La Perla 56,registrado,non digital,0 %
RT014,200000592,Frutería El Sol 50,registrado,non digital,0 %
RT014,200000610,Super Los Pinos 70,registrado,non digital,0 %
RT014,200000611,Minisuper La Victoria 46,registrado,non digital,0 %
RT014,200000622,Mercadito El Sol 46,registrado,non digital,0 %
RT014,200000635,Minisuper Los Pinos 27,registrado,non digital,0 %
RT014,200000636,Comercial El Encanto 19,registrado,non digital,0 %
RT014,200000638,Mini Market Santa Cruz 88,registrado,non digital,0 %
RT014,200000642,Depósito El Trebol 87,registrado,non digital,0 %
RT014,200000645,Mercadito Santa Fe 75,registrado,non digital,0 %
RT014,200000654,Bodega La Unión 94,registrado,non digital,0 %
RT014,200000658,Mini Market El Mirador 61,registrado,non digital,0 %
RT014,200000664,Bodega La Fortuna 68,registrado,non digital,0 %
RT014,200000665,Tienda El Progreso 98,registrado,non digital,0 %
RT014,200000667,Minisuper La Esperanza 63,registrado,non digital,0 %
RT014,200000669,Mini Market El Roble 70,registrado,non digital,0 %
RT014,200000670,Comercial La Perla 30,registrado,non digital,0 %
RT014,200000671,Mercadito Las Flores 3,registrado,non digital,0 %
RT014,200000676,Super La Esperanza 39,registrado,non digital,0 %
RT014,200000679,Depósito San José 1,registrado,non digital,0 %
RT014,200000683,Tienda San José 77,registrado,non digital,0 %
RT014,200000686,Mercadito Los Alamos 89,registrado,non digital,0 %
RT014,200000712,Depósito Santa Fe 71,registrado,non digital,0 %
RT014,200000721,Tienda El Encanto 24,registrado,non digital,0 %
RT014,200000767,Super La Victoria 77,registrado,non digital,0 %
RT014,200000892,Minisuper La Victoria 60,registrado,non digital,0 %
RT014,200000959,Mercadito Los Alamos 26,registrado,non digital,0 %
RT014,200000986,Depósito El Progreso 66,registrado,non digital,0 %
RT014,200001061,Comercial Del Norte 13,registrado,non digital,0 %
RT014,200001145,Tienda El Roble 84,registrado,non digital,0 %
RT014,200001267,Mercadito La Perla 13,registrado,non digital,0 %
RT014,200001319,Minisuper Buena Vista 31,registrado,non digital,0 %
RT014,200001368,Mini Market Del Norte 65,registrado,non digital,0 %
RT014,200001382,Bodega La Esperanza 58,registrado,non digital,0 %
RT014,200001406,Tienda Los Alamos 26,registrado,non digital,0 %
RT014,200001434,Abarrotes Los Pinos 37,registrado,non digital,0 %
RT014,200001459,Depósito Santa Cruz 4,registrado,non digital,0 %
RT014,200001496,Super La Fortuna 29,registrado,non digital,0 %
RT014,200001521,Depósito Las Flores 91,registrado,non digital,0 %
RT014,200001534,Comercial Santa Fe 59,registrado,non digital,0 %
RT014,200001543,Tienda Los Pinos 37,registrado,non digital,0 %
RT014,200001593,Frutería Santa Cruz 63,registrado,non digital,0 %
RT014,200001633,Comercial La Esperanza 6,registrado,non digital,0 %
RT014,200001656,Super El Roble 19,registrado,non digital,0 %
RT014,200001695,Super La Fortuna 29,registrado,non digital,0 %
RT014,200001699,Super El Progreso 85,registrado,non digital,0 %
RT014,200001878,Tienda Los Pinos 11,registrado,non digital,0 %
RT014,200002019,Minisuper La Victoria 14,registrado,non digital,0 %
RT014,200002038,Comercial Las Flores 71,registrado,non digital,0 %
RT015,200000049,Tienda La Unión 26,registrado,non digital,0 %
RT015,200000061,Minisuper Santa Cruz 2,registrado,non digital,0 %
RT015,200000090,Super Del Valle 77,registrado,non digital,0 %
RT015,200000092,Abarrotes El Sol 64,registrado,non digital,0 %
RT015,200000101,Abarrotes Los Pinos 53,registrado,non digital,0 %
RT015,200000165,Mercadito Del Norte 70,registrado,non digital,0 %
RT015,200000277,Mercadito Santa Fe 38,registrado,non digital,0 %
RT015,200000278,Comercial El Mirador 13,registrado,non digital,0 %
RT015,200000303,Tienda El Encanto 85,registrado,non digital,0 %
RT015,200000304,Mini Market La Esperanza 52,registrado,non digital,0 %
RT015,200000342,Bodega El Progreso 21,registrado,non digital,0 %
RT015,200000344,Comercial El Roble 98,registrado,non digital,0 %
RT015,200000493,Super Las Flores 66,registrado,non digital,0 %
RT015,200000553,Depósito Santa Cruz 67,registrado,non digital,0 %
RT015,200000567,Minisuper Santa Fe 82,registrado,non digital,0 %
RT015,200000699,Mini Market El Mirador 65,registrado,non digital,0 %
RT015,200000768,Comercial El Mirador 53,registrado,non digital,0 %
RT015,200000832,Comercial Santa Cruz 38,registrado,non digital,0 %
RT015,200000931,Mini Market El Mirador 74,registrado,non digital,0 %
RT015,200000973,Super La Unión 27,registrado,non digital,0 %
RT015,200000995,Mercadito El Trebol 79,registrado,non digital,0 %
RT015,200001106,Bodega La Perla 73,registrado,non digital,0 %
RT015,200001138,Minisuper El Sol 25,registrado,non digital,0 %
RT015,200001162,Depósito Santa Fe 56,registrado,non digital,0 %
RT015,200001195,Bodega La Esperanza 37,registrado,non digital,0 %
RT015,200001323,Depósito El Trebol 89,registrado,non digital,0 %
RT015,200001343,Minisuper Santa Cruz 92,registrado,non digital,0 %
RT015,200001422,Depósito La Victoria 44,registrado,non digital,0 %
RT015,200001432,Super Santa Fe 40,registrado,non digital,0 %
RT015,200001524,Comercial La Esperanza 58,registrado,non digital,0 %
RT015,200001563,Tienda Buena Vista 2,registrado,non digital,0 %
RT015,200001584,Tienda La Esperanza 34,registrado,non digital,0 %
RT015,200001969,Mercadito Santa Fe 15,registrado,non digital,0 %
RT016,200000041,Bodega Las Flores 49,registrado,non digital,0 %
RT016,200000600,Minisuper Del Norte 16,registrado,non digital,0 %
RT016,200000619,Minisuper La Unión 2,registrado,non digital,0 %
RT016,200000621,Tienda El Encanto 76,registrado,non digital,0 %
RT016,200000625,Bodega El Trebol 11,registrado,non digital,0 %
RT016,200000634,Mercadito Del Valle 61,registrado,non digital,0 %
RT016,200000647,Abarrotes Santa Fe 79,registrado,non digital,0 %
RT016,200000672,Frutería Las Flores 8,registrado,non digital,0 %
RT016,200000673,Super La Fortuna 26,registrado,non digital,0 %
RT016,200000732,Super Santa Fe 71,registrado,non digital,0 %
RT016,200000749,Frutería Del Valle 90,registrado,non digital,0 %
RT016,200000754,Tienda Los Alamos 92,registrado,non digital,0 %
RT016,200000875,Mercadito El Trebol 44,registrado,non digital,0 %
RT016,200000909,Minisuper La Victoria 32,registrado,non digital,0 %
RT016,200000939,Bodega El Sol 13,registrado,non digital,0 %
RT016,200000947,Depósito El Encanto 99,registrado,non digital,0 %
RT016,200000965,Tienda Santa Fe 90,registrado,non digital,0 %
RT016,200000994,Mercadito Los Pinos 74,registrado,non digital,0 %
RT016,200001001,Comercial El Mirador 27,registrado,non digital,0 %
RT016,200001063,Bodega La Victoria 53,registrado,non digital,0 %
RT016,200001122,Frutería Del Valle 9,registrado,non digital,0 %
RT016,200001152,Frutería El Sol 5,registrado,non digital,0 %
RT016,200001182,Frutería El Encanto 90,registrado,non digital,0 %
RT016,200001270,Mercadito La Esperanza 37,registrado,non digital,0 %
RT016,200001493,Frutería Los Alamos 67,registrado,non digital,0 %
RT016,200001756,Abarrotes Las Flores 2,registrado,non digital,0 %
RT016,200001977,Depósito San José 19,registrado,non digital,0 %
RT016,200002048,Bodega La Unión 84,registrado,non digital,0 %
RT016,200002049,Mini Market San José 73,registrado,non digital,0 %
RT017,200000096,Minisuper La Victoria 35,registrado,non digital,0 %
RT017,200000385,Abarrotes El Sol 49,registrado,non digital,0 %
RT017,200000458,Mercadito Del Valle 94,registrado,non digital,0 %
RT017,200000520,Abarrotes San José 52,registrado,non digital,0 %
RT017,200000551,Frutería La Perla 9,registrado,non digital,0 %
RT017,200000741,Comercial Las Flores 86,registrado,non digital,0 %
RT017,200000755,Mercadito El Trebol 44,registrado,non digital,0 %
RT017,200000755,Mercadito El Trebol 44,registrado,non digital,0 %
RT017,200000851,Super La Fortuna 56,registrado,non digital,0 %
RT017,200001012,Minisuper La Fortuna 89,registrado,non digital,0 %
RT017,200001044,Comercial Las Flores 71,registrado,non digital,0 %
RT017,200001086,Frutería El Progreso 83,registrado,non digital,0 %
RT017,200001107,Frutería La Unión 40,registrado,non digital,0 %
RT017,200001109,Tienda El Sol 23,registrado,non digital,0 %
RT017,200001207,Minisuper Las Flores 89,registrado,non digital,0 %
RT017,200001209,Depósito La Fortuna 96,registrado,non digital,0 %
RT017,200001236,Depósito Del Norte 48,registrado,non digital,0 %
RT017,200001241,Frutería Las Flores 56,registrado,non digital,0 %
RT017,200001246,Frutería El Mirador 6,registrado,non digital,0 %
RT017,200001247,Minisuper El Encanto 6,registrado,non digital,0 %
RT017,200001276,Minisuper Buena Vista 87,registrado,non digital,0 %
RT017,200001276,Minisuper Buena Vista 87,registrado,non digital,0 %
RT017,200001347,Frutería El Progreso 5,registrado,non digital,0 %
RT017,200001383,Bodega Del Norte 51,registrado,non digital,0 %
RT017,200001394,Abarrotes El Roble 92,registrado,non digital,0 %
RT017,200001851,Frutería Los Alamos 17,registrado,non digital,0 %
RT017,200001892,Super Buena Vista 48,registrado,non digital,0 %
RT017,200001912,Mercadito Santa Cruz 36,registrado,non digital,0 %
RT017,200002028,Abarrotes Los Pinos 54,registrado,non digital,0 %
RT017,200002031,Mercadito Los Pinos 72,registrado,non digital,0 %
RT017,200002043,Depósito La Fortuna 70,registrado,non digital,0 %
RT017,200002050,Frutería Buena Vista 96,registrado,non digital,0 %
RT018,200000082,Frutería El Trebol 38,registrado,non digital,0 %
RT018,200000327,Tienda El Roble 85,registrado,non digital,0 %
RT018,200000349,Mini Market San José 59,registrado,non digital,0 %
RT018,200000537,Depósito Las Flores 29,registrado,non digital,0 %
RT018,200000760,Abarrotes Santa Fe 99,registrado,non digital,0 %
RT018,200000806,Mercadito El Trebol 15,registrado,non digital,0 %
RT018,200000885,Mini Market San José 35,registrado,non digital,0 %
RT018,200000926,Mini Market La Unión 9,registrado,non digital,0 %
RT018,200000945,Tienda La Unión 50,registrado,non digital,0 %
RT018,200000945,Tienda La Unión 50,registrado,non digital,0 %
RT018,200001091,Bodega El Sol 28,registrado,non digital,0 %
RT018,200001112,Minisuper La Fortuna 41,registrado,non digital,0 %
RT018,200001118,Mercadito La Unión 55,registrado,non digital,0 %
RT018,200001136,Mini Market Buena Vista 58,registrado,non digital,0 %
RT018,200001212,Frutería El Trebol 82,registrado,non digital,0 %
RT018,200001308,Depósito Del Valle 39,registrado,non digital,0 %
RT018,200001336,Bodega El Progreso 49,registrado,non digital,0 %
RT018,200001341,Mercadito Santa Fe 21,registrado,non digital,0 %
RT018,200001358,Mercadito El Roble 31,registrado,non digital,0 %
RT018,200001377,Depósito La Unión 31,registrado,non digital,0 %
RT018,200001446,Tienda El Encanto 35,registrado,non digital,0 %
RT018,200001465,Depósito La Unión 95,registrado,non digital,0 %
RT018,200001471,Comercial Santa Cruz 24,registrado,non digital,0 %
RT018,200001492,Bodega La Unión 68,registrado,non digital,0 %
RT018,200001551,Minisuper Santa Cruz 90,registrado,non digital,0 %
RT018,200001667,Comercial Buena Vista 62,registrado,non digital,0 %
RT018,200001928,Frutería San José 58,registrado,non digital,0 %
RT019,200000046,Comercial La Fortuna 42,registrado,non digital,0 %
RT019,200000054,Tienda El Mirador 83,registrado,non digital,0 %
RT019,200000059,Mercadito La Perla 28,registrado,non digital,0 %
RT019,200000062,Mercadito El Trebol 17,registrado,non digital,0 %
RT019,200000070,Tienda Santa Fe 30,registrado,non digital,0 %
RT019,200000077,Tienda El Roble 94,registrado,non digital,0 %
RT019,200000137,Mercadito El Progreso 16,registrado,non digital,0 %
RT019,200000183,Abarrotes Santa Fe 98,registrado,non digital,0 %
RT019,200000239,Abarrotes La Esperanza 64,registrado,non digital,0 %
RT019,200000258,Bodega Del Norte 91,registrado,non digital,0 %
RT019,200000307,Minisuper La Fortuna 9,registrado,non digital,0 %
RT019,200000339,Bodega El Encanto 70,registrado,non digital,0 %
RT019,200000365,Mini Market La Fortuna 63,registrado,non digital,0 %
RT019,200000379,Bodega Los Alamos 40,registrado,non digital,0 %
RT019,200000397,Tienda La Victoria 76,registrado,non digital,0 %
RT019,200000415,Tienda El Roble 88,registrado,non digital,0 %
RT019,200000516,Bodega Las Flores 12,registrado,non digital,0 %
RT019,200000554,Abarrotes Del Norte 42,registrado,non digital,0 %
RT019,200000718,Minisuper El Encanto 16,registrado,non digital,0 %
RT019,200000757,Mercadito El Mirador 64,registrado,non digital,0 %
RT019,200000761,Mini Market San José 84,registrado,non digital,0 %
RT019,200000765,Frutería El Trebol 45,registrado,non digital,0 %
RT019,200000782,Frutería El Roble 72,registrado,non digital,0 %
RT019,200000798,Frutería Del Valle 91,registrado,non digital,0 %
RT019,200000800,Abarrotes El Roble 38,registrado,non digital,0 %
RT019,200000859,Minisuper Del Norte 46,registrado,non digital,0 %
RT019,200000874,Frutería Santa Fe 73,registrado,non digital,0 %
RT019,200000883,Mini Market Buena Vista 97,registrado,non digital,0 %
RT019,200000920,Mercadito El Trebol 34,registrado,non digital,0 %
RT019,200000920,Mercadito El Trebol 34,registrado,non digital,0 %
RT019,200000951,Frutería Los Alamos 79,registrado,non digital,0 %
RT019,200000953,Super Los Pinos 33,registrado,non digital,0 %
RT019,200000968,Mini Market Santa Cruz 9,registrado,non digital,0 %
RT019,200000978,Abarrotes La Esperanza 76,registrado,non digital,0 %
RT019,200001167,Comercial Del Valle 62,registrado,non digital,0 %
RT019,200001172,Tienda Los Pinos 78,registrado,non digital,0 %
RT019,200001198,Mini Market La Esperanza 60,registrado,non digital,0 %
RT019,200001199,Comercial La Victoria 66,registrado,non digital,0 %
RT019,200001268,Mercadito Las Flores 65,registrado,non digital,0 %
RT019,200001277,Minisuper Santa Fe 85,registrado,non digital,0 %
RT019,200001280,Depósito San José 45,registrado,non digital,0 %
RT019,200001280,Depósito San José 45,registrado,non digital,0 %
RT019,200001334,Mercadito El Roble 89,registrado,non digital,0 %
RT019,200001345,Frutería Los Alamos 22,registrado,non digital,0 %
RT019,200001386,Mini Market Del Valle 6,registrado,non digital,0 %
RT019,200001391,Mini Market El Sol 49,registrado,non digital,0 %
RT019,200001417,Mini Market El Progreso 74,registrado,non digital,0 %
RT019,200001561,Bodega El Trebol 60,registrado,non digital,0 %
RT019,200001636,Abarrotes El Sol 7,registrado,non digital,0 %
RT019,200001658,Mini Market Las Flores 28,registrado,non digital,0 %
RT019,200001676,Comercial Las Flores 27,registrado,non digital,0 %
RT019,200001681,Tienda San José 58,registrado,non digital,0 %
RT019,200001681,Tienda San José 58,registrado,non digital,0 %
RT019,200001684,Depósito Las Flores 42,registrado,non digital,0 %
RT019,200001754,Minisuper San José 25,registrado,non digital,0 %
RT019,200001758,Comercial Santa Fe 57,registrado,non digital,0 %
RT019,200001764,Mercadito El Roble 20,registrado,non digital,0 %
RT019,200001765,Mercadito Las Flores 93,registrado,non digital,0 %
RT019,200001817,Abarrotes Los Alamos 54,registrado,non digital,0 %
RT019,200001819,Tienda La Fortuna 56,registrado,non digital,0 %
RT019,200001828,Abarrotes Los Alamos 44,registrado,non digital,0 %
RT019,200001845,Super Las Flores 38,registrado,non digital,0 %
RT019,200001846,Comercial Santa Cruz 54,registrado,non digital,0 %
RT019,200001847,Abarrotes El Roble 10,registrado,non digital,0 %
RT019,200001857,Abarrotes El Progreso 42,registrado,non digital,0 %
RT019,200001858,Bodega Del Valle 15,registrado,non digital,0 %
RT019,200001858,Bodega Del Valle 15,registrado,non digital,0 %
RT019,200001865,Abarrotes El Roble 27,registrado,non digital,0 %
RT019,200001868,Tienda Santa Fe 73,registrado,non digital,0 %
RT019,200001877,Bodega La Victoria 1,registrado,non digital,0 %
RT020,200000006,Abarrotes El Trebol 26,registrado,non digital,0 %
RT020,200000366,Tienda El Progreso 21,registrado,non digital,0 %
RT020,200001108,Minisuper El Mirador 94,registrado,non digital,0 %
RT021,200000084,Tienda Santa Fe 94,registrado,non digital,0 %
RT021,200000117,Frutería Los Pinos 30,registrado,non digital,0 %
RT021,200000157,Abarrotes El Mirador 23,registrado,non digital,0 %
RT021,200000201,Minisuper El Roble 69,registrado,non digital,0 %
RT021,200000214,Tienda La Victoria 86,registrado,non digital,0 %
RT021,200000296,Super La Fortuna 29,registrado,non digital,0 %
RT021,200000352,Minisuper Santa Fe 17,registrado,non digital,0 %
RT021,200000371,Minisuper Las Flores 44,registrado,non digital,0 %
RT021,200000540,Minisuper El Progreso 51,registrado,non digital,0 %
RT021,200000746,Mini Market Las Flores 49,registrado,non digital,0 %
RT021,200000783,Depósito Las Flores 99,registrado,non digital,0 %
RT021,200000789,Frutería Del Norte 64,registrado,non digital,0 %
RT021,200000812,Abarrotes Los Alamos 40,registrado,non digital,0 %
RT021,200000934,Mini Market El Encanto 2,registrado,non digital,0 %
RT021,200000975,Depósito Santa Fe 52,registrado,non digital,0 %
RT021,200001005,Depósito El Sol 85,registrado,non digital,0 %
RT021,200001119,Mercadito Del Valle 31,registrado,non digital,0 %
RT021,200001170,Abarrotes Las Flores 38,registrado,non digital,0 %
RT021,200001218,Super El Trebol 27,registrado,non digital,0 %
RT021,200001275,Depósito La Unión 49,registrado,non digital,0 %
RT021,200001322,Super La Perla 12,registrado,non digital,0 %
RT021,200001426,Mercadito Buena Vista 10,registrado,non digital,0 %
RT021,200001469,Super El Progreso 6,registrado,non digital,0 %
RT021,200001553,Minisuper Buena Vista 22,registrado,non digital,0 %
RT021,200001581,Mini Market Buena Vista 85,registrado,non digital,0 %
RT021,200001631,Tienda El Encanto 99,registrado,non digital,0 %
RT021,200001665,Frutería La Perla 7,registrado,non digital,0 %
RT021,200001685,Depósito Del Valle 94,registrado,non digital,0 %
RT021,200001762,Minisuper Las Flores 44,registrado,non digital,0 %
RT021,200001825,Comercial Del Valle 44,registrado,non digital,0 %
RT021,200001832,Comercial Los Alamos 98,registrado,non digital,0 %
RT021,200001833,Comercial Buena Vista 37,registrado,non digital,0 %
RT021,200001971,Abarrotes El Encanto 83,registrado,non digital,0 %
RT022,200000045,Depósito La Perla 64,registrado,non digital,0 %
RT022,200000596,Abarrotes El Sol 45,registrado,non digital,0 %
RT022,200000599,Mercadito Del Norte 50,registrado,non digital,0 %
RT022,200000607,Super El Mirador 40,registrado,non digital,0 %
RT022,200000650,Frutería La Victoria 40,registrado,non digital,0 %
RT022,200000678,Abarrotes El Progreso 57,registrado,non digital,0 %
RT022,200000685,Abarrotes La Fortuna 10,registrado,non digital,0 %
RT022,200001599,Comercial El Sol 52,registrado,non digital,0 %
RT022,200001709,Tienda El Roble 14,registrado,non digital,0 %
RT022,200002029,Bodega La Fortuna 10,registrado,non digital,0 %
