ruta_anon,cliente_anon_id,nombre_anon,categoría,%_venta_digital
ROUTE_0020,CUST_1470,Store_1470,non digital,0 %
ROUTE_0020,CUST_1456,Store_1456,non digital,0 %
ROUTE_0020,CUST_1929,Store_1929,non digital,0 %
ROUTE_0020,CUST_1475,Store_1475,non digital,0 %
ROUTE_0020,CUST_2023,Store_2023,non digital,0 %
ROUTE_0020,CUST_1471,Store_1471,non digital,0 %
ROUTE_0020,CUST_1163,Store_1163,non digital,0 %
ROUTE_0020,CUST_1266,Store_1266,non digital,0 %
ROUTE_0020,CUST_2051,Store_2051,non digital,0 %
ROUTE_0020,CUST_2024,Store_2024,non digital,0 %
ROUTE_0020,CUST_2054,,non digital,0 %
ROUTE_0005,CUST_1292,Store_1292,non digital,0 %
ROUTE_0005,CUST_0415,Store_0415,non digital,0 %
ROUTE_0005,CUST_1823,Store_1823,non digital,0 %
ROUTE_0005,CUST_1446,Store_1446,non digital,0 %
ROUTE_0005,CUST_0806,Store_0806,non digital,0 %
ROUTE_0005,CUST_1584,Store_1584,non digital,0 %
ROUTE_0005,CUST_1016,Store_1016,non digital,0 %
ROUTE_0005,CUST_1710,Store_1710,non digital,0 %
ROUTE_0005,CUST_0802,Store_0802,non digital,0 %
ROUTE_0005,CUST_1043,Store_1043,non digital,0 %
ROUTE_0005,CUST_0728,Store_0728,non digital,0 %
ROUTE_0005,CUST_0917,Store_0917,non digital,0 %
ROUTE_0005,CUST_0733,Store_0733,non digital,0 %
ROUTE_0005,CUST_0200,Store_0200,non digital,0 %
ROUTE_0005,CUST_0890,Store_0890,non digital,0 %
ROUTE_0005,CUST_1623,Store_1623,non digital,0 %
ROUTE_0005,CUST_0501,Store_0501,non digital,0 %
ROUTE_0005,CUST_1551,Store_1551,non digital,0 %
ROUTE_0005,CUST_1819,Store_1819,non digital,0 %
ROUTE_0005,CUST_1046,Store_1046,non digital,0 %
ROUTE_0005,CUST_0379,Store_0379,non digital,0 %
ROUTE_0005,CUST_1227,Store_1227,non digital,0 %
ROUTE_0005,CUST_0436,Store_0436,non digital,0 %
ROUTE_0005,CUST_1257,Store_1257,non digital,0 %
ROUTE_0005,CUST_0113,Store_0113,non digital,0 %
ROUTE_0005,CUST_1720,Store_1720,non digital,0 %
ROUTE_0005,CUST_1638,Store_1638,non digital,0 %
ROUTE_0005,CUST_0348,Store_0348,non digital,0 %
ROUTE_0005,CUST_0088,Store_0088,non digital,0 %
ROUTE_0005,CUST_0545,Store_0545,non digital,0 %
ROUTE_0005,CUST_1833,Store_1833,non digital,0 %
ROUTE_0005,CUST_0097,Store_0097,non digital,0 %
ROUTE_0005,CUST_0111,Store_0111,non digital,0 %
ROUTE_0005,CUST_1363,Store_1363,non digital,0 %
ROUTE_0005,CUST_1530,Store_1530,non digital,0 %
ROUTE_0005,CUST_1370,Store_1370,non digital,0 %
ROUTE_0005,CUST_1515,Store_1515,non digital,0 %
ROUTE_0005,CUST_0812,Store_0812,non digital,0 %
ROUTE_0005,CUST_0595,Store_0595,non digital,0 %
ROUTE_0005,CUST_1195,Store_1195,non digital,0 %
ROUTE_0005,CUST_1223,Store_1223,non digital,0 %
ROUTE_0005,CUST_1792,Store_1792,non digital,0 %
ROUTE_0005,CUST_0378,Store_0378,non digital,0 %
ROUTE_0005,CUST_1186,Store_1186,non digital,0 %
ROUTE_0005,CUST_1199,Store_1199,non digital,0 %
ROUTE_0005,CUST_0373,Store_0373,non digital,0 %
ROUTE_0005,CUST_1960,Store_1960,non digital,0 %
ROUTE_0005,CUST_1074,Store_1074,non digital,0 %
ROUTE_0005,CUST_0457,Store_0457,non digital,0 %
ROUTE_0005,CUST_2044,Store_2044,non digital,0 %
ROUTE_0005,CUST_1042,Store_1042,non digital,0 %
ROUTE_0005,CUST_1311,Store_1311,non digital,0 %
ROUTE_0005,CUST_0214,Store_0214,non digital,0 %
ROUTE_0005,CUST_0778,Store_0778,non digital,0 %
ROUTE_0005,CUST_0711,Store_0711,non digital,0 %
ROUTE_0005,CUST_0983,Store_0983,non digital,0 %
ROUTE_0005,CUST_1034,Store_1034,non digital,0 %
ROUTE_0005,CUST_0647,Store_0647,non digital,0 %
ROUTE_0005,CUST_0258,Store_0258,non digital,0 %
ROUTE_0005,CUST_1032,Store_1032,non digital,0 %
ROUTE_0005,CUST_0756,Store_0756,non digital,0 %
ROUTE_0005,CUST_1012,Store_1012,non digital,0 %
ROUTE_0005,CUST_0592,Store_0592,non digital,0 %
ROUTE_0005,CUST_0005,Store_0005,non digital,0 %
ROUTE_0005,CUST_0842,Store_0842,non digital,0 %
ROUTE_0005,CUST_1982,Store_1982,non digital,0 %
ROUTE_0005,CUST_1317,Store_1317,non digital,0 %
ROUTE_0005,CUST_0358,Store_0358,non digital,0 %
ROUTE_0005,CUST_0845,Store_0845,non digital,0 %
ROUTE_0005,CUST_0480,Store_0480,non digital,0 %
ROUTE_0005,CUST_1335,Store_1335,non digital,0 %
ROUTE_0005,CUST_0185,Store_0185,non digital,0 %
ROUTE_0005,CUST_1122,Store_1122,non digital,0 %
ROUTE_0005,CUST_1880,Store_1880,non digital,0 %
ROUTE_0014,CUST_0399,Store_0399,non digital,0 %
ROUTE_0014,CUST_2053,Store_2053,non digital,0 %
ROUTE_0014,CUST_1624,Store_1624,non digital,0 %
ROUTE_0014,CUST_1940,Store_1940,non digital,0 %
ROUTE_0014,CUST_1544,Store_1544,non digital,0 %
ROUTE_0014,CUST_0813,Store_0813,non digital,0 %
ROUTE_0014,CUST_1887,Store_1887,non digital,0 %
ROUTE_0014,CUST_1536,Store_1536,non digital,0 %
ROUTE_0014,CUST_1592,Store_1592,non digital,0 %
ROUTE_0014,CUST_1653,Store_1653,non digital,0 %
ROUTE_0014,CUST_0972,Store_0972,non digital,0 %
ROUTE_0014,CUST_1714,Store_1714,non digital,0 %
ROUTE_0014,CUST_0069,Store_0069,non digital,0 %
ROUTE_0014,CUST_2032,Store_2032,non digital,0 %
ROUTE_0014,CUST_0516,Store_0516,non digital,0 %
ROUTE_0014,CUST_0322,Store_0322,non digital,0 %
ROUTE_0014,CUST_1444,Store_1444,non digital,0 %
ROUTE_0014,CUST_1522,Store_1522,non digital,0 %
ROUTE_0014,CUST_1118,Store_1118,non digital,0 %
ROUTE_0014,CUST_0651,Store_0651,non digital,0 %
ROUTE_0014,CUST_1319,Store_1319,non digital,0 %
ROUTE_0014,CUST_1654,Store_1654,non digital,0 %
ROUTE_0014,CUST_1803,Store_1803,non digital,0 %
ROUTE_0014,CUST_1680,Store_1680,non digital,0 %
ROUTE_0014,CUST_1713,Store_1713,non digital,0 %
ROUTE_0014,CUST_0275,Store_0275,non digital,0 %
ROUTE_0014,CUST_0243,Store_0243,non digital,0 %
ROUTE_0014,CUST_0798,Store_0798,non digital,0 %
ROUTE_0014,CUST_0864,Store_0864,non digital,0 %
ROUTE_0014,CUST_0718,Store_0718,non digital,0 %
ROUTE_0014,CUST_0095,Store_0095,non digital,0 %
ROUTE_0014,CUST_0049,Store_0049,non digital,0 %
ROUTE_0014,CUST_0186,Store_0186,non digital,0 %
ROUTE_0014,CUST_1201,Store_1201,non digital,0 %
ROUTE_0014,CUST_1630,Store_1630,non digital,0 %
ROUTE_0014,CUST_0309,Store_0309,non digital,0 %
ROUTE_0014,CUST_0053,Store_0053,non digital,0 %
ROUTE_0014,CUST_1193,Store_1193,non digital,0 %
ROUTE_0014,CUST_1209,Store_1209,non digital,0 %
ROUTE_0014,CUST_1758,Store_1758,non digital,0 %
ROUTE_0014,CUST_1090,Store_1090,non digital,0 %
ROUTE_0014,CUST_1250,Store_1250,non digital,0 %
ROUTE_0014,CUST_1660,Store_1660,non digital,0 %
ROUTE_0014,CUST_1164,Store_1164,non digital,0 %
ROUTE_0014,CUST_0340,Store_0340,non digital,0 %
ROUTE_0014,CUST_1168,Store_1168,non digital,0 %
ROUTE_0014,CUST_0894,Store_0894,non digital,0 %
ROUTE_0014,CUST_1646,Store_1646,non digital,0 %
ROUTE_0014,CUST_1558,Store_1558,non digital,0 %
ROUTE_0014,CUST_0639,Store_0639,non digital,0 %
ROUTE_0014,CUST_0027,Store_0027,non digital,0 %
ROUTE_0014,CUST_1647,Store_1647,non digital,0 %
ROUTE_0014,CUST_0758,Store_0758,non digital,0 %
ROUTE_0014,CUST_0766,Store_0766,non digital,0 %
ROUTE_0014,CUST_1528,Store_1528,non digital,0 %
ROUTE_0014,CUST_1020,Store_1020,non digital,0 %
ROUTE_0014,CUST_0323,Store_0323,non digital,0 %
ROUTE_0014,CUST_0338,Store_0338,non digital,0 %
ROUTE_0014,CUST_0325,Store_0325,non digital,0 %
ROUTE_0014,CUST_0641,Store_0641,non digital,0 %
ROUTE_0014,CUST_0735,Store_0735,non digital,0 %
ROUTE_0014,CUST_0588,Store_0588,non digital,0 %
ROUTE_0014,CUST_0260,Store_0260,non digital,0 %
ROUTE_0014,CUST_0408,Store_0408,non digital,0 %
ROUTE_0014,CUST_0357,Store_0357,non digital,0 %
ROUTE_0014,CUST_0603,Store_0603,non digital,0 %
ROUTE_0014,CUST_1322,Store_1322,non digital,0 %
ROUTE_0014,CUST_1722,Store_1722,non digital,0 %
ROUTE_0002,CUST_0383,Store_0383,non digital,0 %
ROUTE_0002,CUST_1935,Store_1935,non digital,0 %
ROUTE_0002,CUST_1870,Store_1870,non digital,0 %
ROUTE_0002,CUST_1617,Store_1617,non digital,0 %
ROUTE_0002,CUST_0221,Store_0221,non digital,0 %
ROUTE_0002,CUST_1567,Store_1567,non digital,0 %
ROUTE_0002,CUST_0827,Store_0827,non digital,0 %
ROUTE_0002,CUST_1175,Store_1175,non digital,0 %
ROUTE_0002,CUST_1775,Store_1775,non digital,0 %
ROUTE_0002,CUST_0114,Store_0114,non digital,0 %
ROUTE_0002,CUST_0448,Store_0448,non digital,0 %
ROUTE_0002,CUST_0386,Store_0386,non digital,0 %
ROUTE_0002,CUST_1705,Store_1705,non digital,0 %
ROUTE_0002,CUST_1045,Store_1045,non digital,0 %
ROUTE_0002,CUST_0690,Store_0690,non digital,0 %
ROUTE_0002,CUST_1358,Store_1358,non digital,0 %
ROUTE_0002,CUST_1264,Store_1264,non digital,0 %
ROUTE_0002,CUST_1625,Store_1625,non digital,0 %
ROUTE_0002,CUST_1637,Store_1637,non digital,0 %
ROUTE_0002,CUST_1276,Store_1276,non digital,0 %
ROUTE_0002,CUST_0962,Store_0962,non digital,0 %
ROUTE_0002,CUST_0530,Store_0530,non digital,0 %
ROUTE_0002,CUST_0664,Store_0664,non digital,0 %
ROUTE_0002,CUST_1971,Store_1971,non digital,0 %
ROUTE_0002,CUST_0080,Store_0080,non digital,0 %
ROUTE_0002,CUST_0739,Store_0739,non digital,0 %
ROUTE_0002,CUST_0173,Store_0173,non digital,0 %
ROUTE_0002,CUST_1585,Store_1585,non digital,0 %
ROUTE_0002,CUST_1169,Store_1169,non digital,0 %
ROUTE_0002,CUST_1822,Store_1822,non digital,0 %
ROUTE_0002,CUST_0716,Store_0716,non digital,0 %
ROUTE_0002,CUST_1820,Store_1820,non digital,0 %
ROUTE_0002,CUST_0742,Store_0742,non digital,0 %
ROUTE_0002,CUST_0816,Store_0816,non digital,0 %
ROUTE_0002,CUST_0604,Store_0604,non digital,0 %
ROUTE_0002,CUST_1813,Store_1813,non digital,0 %
ROUTE_0002,CUST_0771,Store_0771,non digital,0 %
ROUTE_0002,CUST_1899,Store_1899,non digital,0 %
ROUTE_0002,CUST_1073,Store_1073,non digital,0 %
ROUTE_0002,CUST_1936,Store_1936,non digital,0 %
ROUTE_0002,CUST_0056,Store_0056,non digital,0 %
ROUTE_0002,CUST_1158,Store_1158,non digital,0 %
ROUTE_0002,CUST_0032,Store_0032,non digital,0 %
ROUTE_0002,CUST_0105,Store_0105,non digital,0 %
ROUTE_0002,CUST_0124,Store_0124,non digital,0 %
ROUTE_0002,CUST_0018,Store_0018,non digital,0 %
ROUTE_0002,CUST_1916,Store_1916,non digital,0 %
ROUTE_0002,CUST_1691,Store_1691,non digital,0 %
ROUTE_0002,CUST_0249,Store_0249,non digital,0 %
ROUTE_0002,CUST_1336,Store_1336,non digital,0 %
ROUTE_0002,CUST_1628,Store_1628,non digital,0 %
ROUTE_0002,CUST_0288,Store_0288,non digital,0 %
ROUTE_0002,CUST_0924,Store_0924,non digital,0 %
ROUTE_0002,CUST_0878,Store_0878,non digital,0 %
ROUTE_0002,CUST_1182,Store_1182,non digital,0 %
ROUTE_0002,CUST_0881,Store_0881,non digital,0 %
ROUTE_0002,CUST_0602,Store_0602,non digital,0 %
ROUTE_0002,CUST_1811,Store_1811,non digital,0 %
ROUTE_0002,CUST_0706,Store_0706,non digital,0 %
ROUTE_0002,CUST_1184,Store_1184,non digital,0 %
ROUTE_0002,CUST_1111,Store_1111,non digital,0 %
ROUTE_0002,CUST_0227,Store_0227,non digital,0 %
ROUTE_0002,CUST_0968,Store_0968,non digital,0 %
ROUTE_0002,CUST_1047,Store_1047,non digital,0 %
ROUTE_0002,CUST_0715,Store_0715,non digital,0 %
ROUTE_0002,CUST_0367,Store_0367,non digital,0 %
ROUTE_0002,CUST_0689,Store_0689,non digital,0 %
ROUTE_0002,CUST_1200,Store_1200,non digital,0 %
ROUTE_0002,CUST_1673,Store_1673,non digital,0 %
ROUTE_0002,CUST_0584,Store_0584,non digital,0 %
ROUTE_0002,CUST_1997,Store_1997,non digital,0 %
ROUTE_0002,CUST_0764,Store_0764,non digital,0 %
ROUTE_0002,CUST_0577,Store_0577,non digital,0 %
ROUTE_0002,CUST_0507,Store_0507,non digital,0 %
ROUTE_0002,CUST_0879,Store_0879,non digital,0 %
ROUTE_0002,CUST_0205,Store_0205,non digital,0 %
ROUTE_0002,CUST_1303,Store_1303,non digital,0 %
ROUTE_0002,CUST_1447,Store_1447,non digital,0 %
ROUTE_0002,CUST_0473,Store_0473,non digital,0 %
ROUTE_0002,CUST_1457,Store_1457,non digital,0 %
ROUTE_0002,CUST_0375,Store_0375,non digital,0 %
ROUTE_0002,CUST_1586,Store_1586,non digital,0 %
ROUTE_0013,CUST_1419,Store_1419,non digital,0 %
ROUTE_0013,CUST_1596,Store_1596,non digital,0 %
ROUTE_0013,CUST_1285,Store_1285,non digital,0 %
ROUTE_0013,CUST_0324,Store_0324,non digital,0 %
ROUTE_0013,CUST_0439,Store_0439,non digital,0 %
ROUTE_0013,CUST_1510,Store_1510,non digital,0 %
ROUTE_0013,CUST_0362,Store_0362,non digital,0 %
ROUTE_0013,CUST_0906,Store_0906,non digital,0 %
ROUTE_0013,CUST_0781,Store_0781,non digital,0 %
ROUTE_0013,CUST_1914,Store_1914,non digital,0 %
ROUTE_0013,CUST_0678,Store_0678,non digital,0 %
ROUTE_0013,CUST_0025,Store_0025,non digital,0 %
ROUTE_0013,CUST_1087,Store_1087,non digital,0 %
ROUTE_0013,CUST_1367,Store_1367,non digital,0 %
ROUTE_0013,CUST_1089,Store_1089,non digital,0 %
ROUTE_0013,CUST_0067,Store_0067,non digital,0 %
ROUTE_0013,CUST_0866,Store_0866,non digital,0 %
ROUTE_0013,CUST_1318,Store_1318,non digital,0 %
ROUTE_0013,CUST_0955,Store_0955,non digital,0 %
ROUTE_0013,CUST_1883,Store_1883,non digital,0 %
ROUTE_0019,CUST_0332,Store_0332,non digital,0 %
ROUTE_0019,CUST_0059,Store_0059,non digital,0 %
ROUTE_0019,CUST_0203,Store_0203,non digital,0 %
ROUTE_0019,CUST_1662,Store_1662,non digital,0 %
ROUTE_0019,CUST_0483,Store_0483,non digital,0 %
ROUTE_0019,CUST_1359,Store_1359,non digital,0 %
ROUTE_0019,CUST_0788,Store_0788,non digital,0 %
ROUTE_0019,CUST_0244,Store_0244,non digital,0 %
ROUTE_0019,CUST_0366,Store_0366,non digital,0 %
ROUTE_0019,CUST_0047,Store_0047,non digital,0 %
ROUTE_0019,CUST_0840,Store_0840,non digital,0 %
ROUTE_0019,CUST_0713,Store_0713,non digital,0 %
ROUTE_0019,CUST_1482,Store_1482,non digital,0 %
ROUTE_0019,CUST_1977,Store_1977,non digital,0 %
ROUTE_0019,CUST_0461,Store_0461,non digital,0 %
ROUTE_0019,CUST_0469,Store_0469,non digital,0 %
ROUTE_0019,CUST_0349,Store_0349,non digital,0 %
ROUTE_0019,CUST_0204,Store_0204,non digital,0 %
ROUTE_0019,CUST_0484,Store_0484,non digital,0 %
ROUTE_0019,CUST_0460,Store_0460,non digital,0 %
ROUTE_0019,CUST_0401,Store_0401,non digital,0 %
ROUTE_0019,CUST_0307,Store_0307,non digital,0 %
ROUTE_0019,CUST_0567,Store_0567,non digital,0 %
ROUTE_0019,CUST_0599,Store_0599,non digital,0 %
ROUTE_0019,CUST_0743,Store_0743,non digital,0 %
ROUTE_0019,CUST_0279,Store_0279,non digital,0 %
ROUTE_0019,CUST_0412,Store_0412,non digital,0 %
ROUTE_0019,CUST_1130,Store_1130,non digital,0 %
ROUTE_0019,CUST_0251,Store_0251,non digital,0 %
ROUTE_0019,CUST_0503,Store_0503,non digital,0 %
ROUTE_0019,CUST_0494,Store_0494,non digital,0 %
ROUTE_0019,CUST_0377,Store_0377,non digital,0 %
ROUTE_0019,CUST_1065,Store_1065,non digital,0 %
ROUTE_0019,CUST_0423,Store_0423,non digital,0 %
ROUTE_0019,CUST_0561,Store_0561,non digital,0 %
ROUTE_0019,CUST_1568,Store_1568,non digital,0 %
ROUTE_0019,CUST_0959,Store_0959,non digital,0 %
ROUTE_0019,CUST_0437,Store_0437,non digital,0 %
ROUTE_0019,CUST_0400,Store_0400,non digital,0 %
ROUTE_0019,CUST_0447,Store_0447,non digital,0 %
ROUTE_0019,CUST_1760,Store_1760,non digital,0 %
ROUTE_0019,CUST_0790,Store_0790,non digital,0 %
ROUTE_0019,CUST_0333,Store_0333,non digital,0 %
ROUTE_0019,CUST_0211,Store_0211,non digital,0 %
ROUTE_0019,CUST_0463,Store_0463,non digital,0 %
ROUTE_0019,CUST_0261,Store_0261,non digital,0 %
ROUTE_0019,CUST_0294,Store_0294,non digital,0 %
ROUTE_0019,CUST_0327,Store_0327,non digital,0 %
ROUTE_0019,CUST_0600,Store_0600,non digital,0 %
ROUTE_0019,CUST_0550,Store_0550,non digital,0 %
ROUTE_0019,CUST_1988,Store_1988,non digital,0 %
ROUTE_0019,CUST_1124,Store_1124,non digital,0 %
ROUTE_0019,CUST_1582,Store_1582,non digital,0 %
ROUTE_0019,CUST_0799,Store_0799,non digital,0 %
ROUTE_0019,CUST_0424,Store_0424,non digital,0 %
ROUTE_0008,CUST_1545,Store_1545,non digital,0 %
ROUTE_0008,CUST_0036,Store_0036,non digital,0 %
ROUTE_0008,CUST_0547,Store_0547,non digital,0 %
ROUTE_0008,CUST_0940,Store_0940,non digital,0 %
ROUTE_0008,CUST_1506,Store_1506,non digital,0 %
ROUTE_0008,CUST_1213,Store_1213,non digital,0 %
ROUTE_0008,CUST_0169,Store_0169,non digital,0 %
ROUTE_0008,CUST_1491,Store_1491,non digital,0 %
ROUTE_0008,CUST_1643,Store_1643,non digital,0 %
ROUTE_0008,CUST_1716,Store_1716,non digital,0 %
ROUTE_0008,CUST_1560,Store_1560,non digital,0 %
ROUTE_0008,CUST_0808,Store_0808,non digital,0 %
ROUTE_0008,CUST_1554,Store_1554,non digital,0 %
ROUTE_0008,CUST_0984,Store_0984,non digital,0 %
ROUTE_0008,CUST_0381,Store_0381,non digital,0 %
ROUTE_0008,CUST_1805,Store_1805,non digital,0 %
ROUTE_0008,CUST_1156,Store_1156,non digital,0 %
ROUTE_0008,CUST_0302,Store_0302,non digital,0 %
ROUTE_0008,CUST_1416,Store_1416,non digital,0 %
ROUTE_0008,CUST_0127,Store_0127,non digital,0 %
ROUTE_0008,CUST_0089,Store_0089,non digital,0 %
ROUTE_0008,CUST_1404,Store_1404,non digital,0 %
ROUTE_0008,CUST_1323,Store_1323,non digital,0 %
ROUTE_0008,CUST_0022,Store_0022,non digital,0 %
ROUTE_0008,CUST_0117,Store_0117,non digital,0 %
ROUTE_0008,CUST_0970,Store_0970,non digital,0 %
ROUTE_0008,CUST_1333,Store_1333,non digital,0 %
ROUTE_0008,CUST_0665,Store_0665,non digital,0 %
ROUTE_0008,CUST_1403,Store_1403,non digital,0 %
ROUTE_0008,CUST_0519,Store_0519,non digital,0 %
ROUTE_0008,CUST_1687,Store_1687,non digital,0 %
ROUTE_0008,CUST_0524,Store_0524,non digital,0 %
ROUTE_0008,CUST_1228,Store_1228,non digital,0 %
ROUTE_0008,CUST_0061,Store_0061,non digital,0 %
ROUTE_0008,CUST_1872,Store_1872,non digital,0 %
ROUTE_0008,CUST_0402,Store_0402,non digital,0 %
ROUTE_0008,CUST_0487,Store_0487,non digital,0 %
ROUTE_0008,CUST_1783,Store_1783,non digital,0 %
ROUTE_0008,CUST_0444,Store_0444,non digital,0 %
ROUTE_0003,CUST_1597,Store_1597,non digital,0 %
ROUTE_0003,CUST_1635,Store_1635,non digital,0 %
ROUTE_0003,CUST_0658,Store_0658,non digital,0 %
ROUTE_0003,CUST_1723,Store_1723,non digital,0 %
ROUTE_0003,CUST_0394,Store_0394,non digital,0 %
ROUTE_0003,CUST_0688,Store_0688,non digital,0 %
ROUTE_0003,CUST_0552,Store_0552,non digital,0 %
ROUTE_0003,CUST_1942,Store_1942,non digital,0 %
ROUTE_0003,CUST_1778,Store_1778,non digital,0 %
ROUTE_0003,CUST_1411,Store_1411,non digital,0 %
ROUTE_0003,CUST_1139,Store_1139,non digital,0 %
ROUTE_0003,CUST_0528,Store_0528,non digital,0 %
ROUTE_0003,CUST_0626,Store_0626,non digital,0 %
ROUTE_0003,CUST_1271,Store_1271,non digital,0 %
ROUTE_0003,CUST_0329,Store_0329,non digital,0 %
ROUTE_0003,CUST_1320,Store_1320,non digital,0 %
ROUTE_0003,CUST_1539,Store_1539,non digital,0 %
ROUTE_0003,CUST_1700,Store_1700,non digital,0 %
ROUTE_0003,CUST_0916,Store_0916,non digital,0 %
ROUTE_0003,CUST_0784,Store_0784,non digital,0 %
ROUTE_0003,CUST_1786,Store_1786,non digital,0 %
ROUTE_0003,CUST_0630,Store_0630,non digital,0 %
ROUTE_0003,CUST_1467,Store_1467,non digital,0 %
ROUTE_0003,CUST_0783,Store_0783,non digital,0 %
ROUTE_0003,CUST_1535,Store_1535,non digital,0 %
ROUTE_0003,CUST_0051,Store_0051,non digital,0 %
ROUTE_0003,CUST_1232,Store_1232,non digital,0 %
ROUTE_0003,CUST_0440,Store_0440,non digital,0 %
ROUTE_0003,CUST_0488,Store_0488,non digital,0 %
ROUTE_0003,CUST_1972,Store_1972,non digital,0 %
ROUTE_0003,CUST_1211,Store_1211,non digital,0 %
ROUTE_0003,CUST_0760,Store_0760,non digital,0 %
ROUTE_0003,CUST_1269,Store_1269,non digital,0 %
ROUTE_0003,CUST_0904,Store_0904,non digital,0 %
ROUTE_0003,CUST_2037,Store_2037,non digital,0 %
ROUTE_0003,CUST_1326,Store_1326,non digital,0 %
ROUTE_0003,CUST_0403,Store_0403,non digital,0 %
ROUTE_0003,CUST_1581,Store_1581,non digital,0 %
ROUTE_0003,CUST_1380,Store_1380,non digital,0 %
ROUTE_0003,CUST_1310,Store_1310,non digital,0 %
ROUTE_0003,CUST_0404,Store_0404,non digital,0 %
ROUTE_0003,CUST_1993,Store_1993,non digital,0 %
ROUTE_0003,CUST_0566,Store_0566,non digital,0 %
ROUTE_0003,CUST_1060,Store_1060,non digital,0 %
ROUTE_0003,CUST_0393,Store_0393,non digital,0 %
ROUTE_0003,CUST_1983,Store_1983,non digital,0 %
ROUTE_0003,CUST_0443,Store_0443,non digital,0 %
ROUTE_0003,CUST_0420,Store_0420,non digital,0 %
ROUTE_0003,CUST_1119,Store_1119,non digital,0 %
ROUTE_0003,CUST_0605,Store_0605,non digital,0 %
ROUTE_0003,CUST_0960,Store_0960,non digital,0 %
ROUTE_0003,CUST_1828,Store_1828,non digital,0 %
ROUTE_0003,CUST_0914,Store_0914,non digital,0 %
ROUTE_0003,CUST_1941,Store_1941,non digital,0 %
ROUTE_0003,CUST_2048,Store_2048,non digital,0 %
ROUTE_0003,CUST_1789,Store_1789,non digital,0 %
ROUTE_0003,CUST_1096,Store_1096,non digital,0 %
ROUTE_0003,CUST_2049,Store_2049,non digital,0 %
ROUTE_0003,CUST_0003,Store_0003,non digital,0 %
ROUTE_0003,CUST_1998,Store_1998,non digital,0 %
ROUTE_0003,CUST_1226,Store_1226,non digital,0 %
ROUTE_0003,CUST_1177,Store_1177,non digital,0 %
ROUTE_0003,CUST_1300,Store_1300,non digital,0 %
ROUTE_0003,CUST_0964,Store_0964,non digital,0 %
ROUTE_0003,CUST_1862,Store_1862,non digital,0 %
ROUTE_0003,CUST_0891,Store_0891,non digital,0 %
ROUTE_0003,CUST_1393,Store_1393,non digital,0 %
ROUTE_0003,CUST_0817,Store_0817,non digital,0 %
ROUTE_0003,CUST_1307,Store_1307,non digital,0 %
ROUTE_0003,CUST_1950,Store_1950,non digital,0 %
ROUTE_0003,CUST_1306,Store_1306,non digital,0 %
ROUTE_0003,CUST_1984,Store_1984,non digital,0 %
ROUTE_0003,CUST_1347,Store_1347,non digital,0 %
ROUTE_0003,CUST_1287,Store_1287,non digital,0 %
ROUTE_0003,CUST_1272,Store_1272,non digital,0 %
ROUTE_0003,CUST_0982,Store_0982,non digital,0 %
ROUTE_0006,CUST_1954,Store_1954,non digital,0 %
ROUTE_0006,CUST_1704,Store_1704,non digital,0 %
ROUTE_0006,CUST_1911,Store_1911,non digital,0 %
ROUTE_0006,CUST_0500,Store_0500,non digital,0 %
ROUTE_0006,CUST_1626,Store_1626,non digital,0 %
ROUTE_0006,CUST_0578,Store_0578,non digital,0 %
ROUTE_0006,CUST_1198,Store_1198,non digital,0 %
ROUTE_0006,CUST_0722,Store_0722,non digital,0 %
ROUTE_0006,CUST_0685,Store_0685,non digital,0 %
ROUTE_0006,CUST_1379,Store_1379,non digital,0 %
ROUTE_0006,CUST_1777,Store_1777,non digital,0 %
ROUTE_0006,CUST_0422,Store_0422,non digital,0 %
ROUTE_0006,CUST_1167,Store_1167,non digital,0 %
ROUTE_0006,CUST_0495,Store_0495,non digital,0 %
ROUTE_0006,CUST_2046,Store_2046,non digital,0 %
ROUTE_0006,CUST_0416,Store_0416,non digital,0 %
ROUTE_0006,CUST_1959,Store_1959,non digital,0 %
ROUTE_0006,CUST_0446,Store_0446,non digital,0 %
ROUTE_0006,CUST_1701,Store_1701,non digital,0 %
ROUTE_0006,CUST_0247,Store_0247,non digital,0 %
ROUTE_0006,CUST_0451,Store_0451,non digital,0 %
ROUTE_0006,CUST_1555,Store_1555,non digital,0 %
ROUTE_0006,CUST_1751,Store_1751,non digital,0 %
ROUTE_0006,CUST_1512,Store_1512,non digital,0 %
ROUTE_0006,CUST_0731,Store_0731,non digital,0 %
ROUTE_0006,CUST_1919,Store_1919,non digital,0 %
ROUTE_0006,CUST_1865,Store_1865,non digital,0 %
ROUTE_0006,CUST_0359,Store_0359,non digital,0 %
ROUTE_0006,CUST_0312,Store_0312,non digital,0 %
ROUTE_0006,CUST_0213,Store_0213,non digital,0 %
ROUTE_0006,CUST_0610,Store_0610,non digital,0 %
ROUTE_0006,CUST_0223,Store_0223,non digital,0 %
ROUTE_0006,CUST_0177,Store_0177,non digital,0 %
ROUTE_0006,CUST_0434,Store_0434,non digital,0 %
ROUTE_0006,CUST_1265,Store_1265,non digital,0 %
ROUTE_0006,CUST_1717,Store_1717,non digital,0 %
ROUTE_0006,CUST_0130,Store_0130,non digital,0 %
ROUTE_0006,CUST_1273,Store_1273,non digital,0 %
ROUTE_0006,CUST_0075,Store_0075,non digital,0 %
ROUTE_0006,CUST_0956,Store_0956,non digital,0 %
ROUTE_0006,CUST_0133,Store_0133,non digital,0 %
ROUTE_0006,CUST_0987,Store_0987,non digital,0 %
ROUTE_0006,CUST_2001,Store_2001,non digital,0 %
ROUTE_0006,CUST_1948,Store_1948,non digital,0 %
ROUTE_0006,CUST_0792,Store_0792,non digital,0 %
ROUTE_0006,CUST_1063,Store_1063,non digital,0 %
ROUTE_0006,CUST_1757,Store_1757,non digital,0 %
ROUTE_0006,CUST_1685,Store_1685,non digital,0 %
ROUTE_0006,CUST_1192,Store_1192,non digital,0 %
ROUTE_0006,CUST_1233,Store_1233,non digital,0 %
ROUTE_0006,CUST_1024,Store_1024,non digital,0 %
ROUTE_0006,CUST_0409,Store_0409,non digital,0 %
ROUTE_0006,CUST_0697,Store_0697,non digital,0 %
ROUTE_0006,CUST_1569,Store_1569,non digital,0 %
ROUTE_0006,CUST_1161,Store_1161,non digital,0 %
ROUTE_0006,CUST_1196,Store_1196,non digital,0 %
ROUTE_0006,CUST_0274,Store_0274,non digital,0 %
ROUTE_0006,CUST_0276,Store_0276,non digital,0 %
ROUTE_0006,CUST_1270,Store_1270,non digital,0 %
ROUTE_0006,CUST_1964,Store_1964,non digital,0 %
ROUTE_0006,CUST_1252,Store_1252,non digital,0 %
ROUTE_0006,CUST_1014,Store_1014,non digital,0 %
ROUTE_0006,CUST_1018,Store_1018,non digital,0 %
ROUTE_0006,CUST_1275,Store_1275,non digital,0 %
ROUTE_0006,CUST_0596,Store_0596,non digital,0 %
ROUTE_0006,CUST_1422,Store_1422,non digital,0 %
ROUTE_0006,CUST_0398,Store_0398,non digital,0 %
ROUTE_0006,CUST_1247,Store_1247,non digital,0 %
ROUTE_0006,CUST_0606,Store_0606,non digital,0 %
ROUTE_0006,CUST_1242,Store_1242,non digital,0 %
ROUTE_0006,CUST_1693,Store_1693,non digital,0 %
ROUTE_0006,CUST_1438,Store_1438,non digital,0 %
ROUTE_0006,CUST_0305,Store_0305,non digital,0 %
ROUTE_0006,CUST_0317,Store_0317,non digital,0 %
ROUTE_0006,CUST_0952,Store_0952,non digital,0 %
ROUTE_0006,CUST_1176,Store_1176,non digital,0 %
ROUTE_0016,CUST_1255,Store_1255,non digital,0 %
ROUTE_0016,CUST_1349,Store_1349,non digital,0 %
ROUTE_0016,CUST_1575,Store_1575,non digital,0 %
ROUTE_0016,CUST_1498,Store_1498,non digital,0 %
ROUTE_0016,CUST_0167,Store_0167,non digital,0 %
ROUTE_0016,CUST_1570,Store_1570,non digital,0 %
ROUTE_0016,CUST_0734,Store_0734,non digital,0 %
ROUTE_0016,CUST_1085,Store_1085,non digital,0 %
ROUTE_0016,CUST_1594,Store_1594,non digital,0 %
ROUTE_0016,CUST_0640,Store_0640,non digital,0 %
ROUTE_0016,CUST_0265,Store_0265,non digital,0 %
ROUTE_0016,CUST_1259,Store_1259,non digital,0 %
ROUTE_0016,CUST_2029,Store_2029,non digital,0 %
ROUTE_0016,CUST_0747,Store_0747,non digital,0 %
ROUTE_0016,CUST_1921,Store_1921,non digital,0 %
ROUTE_0016,CUST_1543,Store_1543,non digital,0 %
ROUTE_0016,CUST_1534,Store_1534,non digital,0 %
ROUTE_0016,CUST_0796,Store_0796,non digital,0 %
ROUTE_0016,CUST_0873,Store_0873,non digital,0 %
ROUTE_0017,CUST_0814,Store_0814,non digital,0 %
ROUTE_0017,CUST_0431,Store_0431,non digital,0 %
ROUTE_0017,CUST_0052,Store_0052,non digital,0 %
ROUTE_0017,CUST_1590,Store_1590,non digital,0 %
ROUTE_0017,CUST_0620,Store_0620,non digital,0 %
ROUTE_0017,CUST_0858,Store_0858,non digital,0 %
ROUTE_0017,CUST_1281,Store_1281,non digital,0 %
ROUTE_0017,CUST_0060,Store_0060,non digital,0 %
ROUTE_0017,CUST_0583,Store_0583,non digital,0 %
ROUTE_0017,CUST_0168,Store_0168,non digital,0 %
ROUTE_0017,CUST_1219,Store_1219,non digital,0 %
ROUTE_0017,CUST_0872,Store_0872,non digital,0 %
ROUTE_0017,CUST_0902,Store_0902,non digital,0 %
ROUTE_0017,CUST_0867,Store_0867,non digital,0 %
ROUTE_0017,CUST_1278,Store_1278,non digital,0 %
ROUTE_0017,CUST_0800,Store_0800,non digital,0 %
ROUTE_0017,CUST_1848,Store_1848,non digital,0 %
ROUTE_0017,CUST_1724,Store_1724,non digital,0 %
ROUTE_0017,CUST_0939,Store_0939,non digital,0 %
ROUTE_0017,CUST_1886,Store_1886,non digital,0 %
ROUTE_0017,CUST_1947,Store_1947,non digital,0 %
ROUTE_0017,CUST_1817,Store_1817,non digital,0 %
ROUTE_0017,CUST_1791,Store_1791,non digital,0 %
ROUTE_0017,CUST_1511,Store_1511,non digital,0 %
ROUTE_0017,CUST_1113,Store_1113,non digital,0 %
ROUTE_0017,CUST_1856,Store_1856,non digital,0 %
ROUTE_0017,CUST_1800,Store_1800,non digital,0 %
ROUTE_0017,CUST_0897,Store_0897,non digital,0 %
ROUTE_0017,CUST_1360,Store_1360,non digital,0 %
ROUTE_0017,CUST_1810,Store_1810,non digital,0 %
ROUTE_0017,CUST_0153,Store_0153,non digital,0 %
ROUTE_0017,CUST_1842,Store_1842,non digital,0 %
ROUTE_0017,CUST_1439,Store_1439,non digital,0 %
ROUTE_0017,CUST_1072,Store_1072,non digital,0 %
ROUTE_0017,CUST_0281,Store_0281,non digital,0 %
ROUTE_0017,CUST_0272,Store_0272,non digital,0 %
ROUTE_0017,CUST_1844,Store_1844,non digital,0 %
ROUTE_0017,CUST_1764,Store_1764,non digital,0 %
ROUTE_0017,CUST_0900,Store_0900,non digital,0 %
ROUTE_0017,CUST_1608,Store_1608,non digital,0 %
ROUTE_0017,CUST_1675,Store_1675,non digital,0 %
ROUTE_0017,CUST_1066,Store_1066,non digital,0 %
ROUTE_0017,CUST_0947,Store_0947,non digital,0 %
ROUTE_0017,CUST_0554,Store_0554,non digital,0 %
ROUTE_0017,CUST_1338,Store_1338,non digital,0 %
ROUTE_0017,CUST_0830,Store_0830,non digital,0 %
ROUTE_0017,CUST_1846,Store_1846,non digital,0 %
ROUTE_0017,CUST_0514,Store_0514,non digital,0 %
ROUTE_0017,CUST_0048,Store_0048,non digital,0 %
ROUTE_0017,CUST_0931,Store_0931,non digital,0 %
ROUTE_0017,CUST_1381,Store_1381,non digital,0 %
ROUTE_0017,CUST_1547,Store_1547,non digital,0 %
ROUTE_0017,CUST_1284,Store_1284,non digital,0 %
ROUTE_0017,CUST_1424,Store_1424,non digital,0 %
ROUTE_0017,CUST_1082,Store_1082,non digital,0 %
ROUTE_0017,CUST_0949,Store_0949,non digital,0 %
ROUTE_0017,CUST_1771,Store_1771,non digital,0 %
ROUTE_0017,CUST_0787,Store_0787,non digital,0 %
ROUTE_0017,CUST_1343,Store_1343,non digital,0 %
ROUTE_0017,CUST_0257,Store_0257,non digital,0 %
ROUTE_0017,CUST_0285,Store_0285,non digital,0 %
ROUTE_0017,CUST_1362,Store_1362,non digital,0 %
ROUTE_0017,CUST_1877,Store_1877,non digital,0 %
ROUTE_0017,CUST_1688,Store_1688,non digital,0 %
ROUTE_0017,CUST_1361,Store_1361,non digital,0 %
ROUTE_0017,CUST_1943,Store_1943,non digital,0 %
ROUTE_0017,CUST_1383,Store_1383,non digital,0 %
ROUTE_0017,CUST_1440,Store_1440,non digital,0 %
ROUTE_0017,CUST_1058,Store_1058,non digital,0 %
ROUTE_0017,CUST_1602,Store_1602,non digital,0 %
ROUTE_0017,CUST_1386,Store_1386,non digital,0 %
ROUTE_0017,CUST_1610,Store_1610,non digital,0 %
ROUTE_0017,CUST_1632,Store_1632,non digital,0 %
ROUTE_0017,CUST_0230,Store_0230,non digital,0 %
ROUTE_0017,CUST_1627,Store_1627,non digital,0 %
ROUTE_0017,CUST_1782,Store_1782,non digital,0 %
ROUTE_0017,CUST_1676,Store_1676,non digital,0 %
ROUTE_0017,CUST_1689,Store_1689,non digital,0 %
ROUTE_0017,CUST_0850,Store_0850,non digital,0 %
ROUTE_0017,CUST_1678,Store_1678,non digital,0 %
ROUTE_0017,CUST_1707,Store_1707,non digital,0 %
ROUTE_0017,CUST_0556,Store_0556,non digital,0 %
ROUTE_0017,CUST_0786,Store_0786,non digital,0 %
ROUTE_0017,CUST_0266,Store_0266,non digital,0 %
ROUTE_0017,CUST_1142,Store_1142,non digital,0 %
ROUTE_0017,CUST_1692,Store_1692,non digital,0 %
ROUTE_0017,CUST_0868,Store_0868,non digital,0 %
ROUTE_0017,CUST_1665,Store_1665,non digital,0 %
ROUTE_0017,CUST_1682,Store_1682,non digital,0 %
ROUTE_0017,CUST_0945,Store_0945,non digital,0 %
ROUTE_0017,CUST_0417,Store_0417,non digital,0 %
ROUTE_0017,CUST_0225,Store_0225,non digital,0 %
ROUTE_0017,CUST_1749,Store_1749,non digital,0 %
ROUTE_0017,CUST_1006,Store_1006,non digital,0 %
ROUTE_0017,CUST_1565,Store_1565,non digital,0 %
ROUTE_0017,CUST_1214,Store_1214,non digital,0 %
ROUTE_0017,CUST_1402,Store_1402,non digital,0 %
ROUTE_0017,CUST_0397,Store_0397,non digital,0 %
ROUTE_0017,CUST_0763,Store_0763,non digital,0 %
ROUTE_0017,CUST_0793,Store_0793,non digital,0 %
ROUTE_0017,CUST_1427,Store_1427,non digital,0 %
ROUTE_0017,CUST_0419,Store_0419,non digital,0 %
ROUTE_0017,CUST_1325,Store_1325,non digital,0 %
ROUTE_0017,CUST_1351,Store_1351,non digital,0 %
ROUTE_0017,CUST_0076,Store_0076,non digital,0 %
ROUTE_0011,CUST_0083,Store_0083,non digital,0 %
ROUTE_0011,CUST_0512,Store_0512,non digital,0 %
ROUTE_0011,CUST_0907,Store_0907,non digital,0 %
ROUTE_0011,CUST_0896,Store_0896,non digital,0 %
ROUTE_0011,CUST_0364,Store_0364,non digital,0 %
ROUTE_0011,CUST_0611,Store_0611,non digital,0 %
ROUTE_0011,CUST_0406,Store_0406,non digital,0 %
ROUTE_0011,CUST_1008,Store_1008,non digital,0 %
ROUTE_0011,CUST_1619,Store_1619,non digital,0 %
ROUTE_0011,CUST_0681,Store_0681,non digital,0 %
ROUTE_0011,CUST_0618,Store_0618,non digital,0 %
ROUTE_0011,CUST_0533,Store_0533,non digital,0 %
ROUTE_0011,CUST_0973,Store_0973,non digital,0 %
ROUTE_0011,CUST_0217,Store_0217,non digital,0 %
ROUTE_0011,CUST_1459,Store_1459,non digital,0 %
ROUTE_0011,CUST_1243,Store_1243,non digital,0 %
ROUTE_0011,CUST_1221,Store_1221,non digital,0 %
ROUTE_0011,CUST_1462,Store_1462,non digital,0 %
ROUTE_0011,CUST_0617,Store_0617,non digital,0 %
ROUTE_0011,CUST_0328,Store_0328,non digital,0 %
ROUTE_0011,CUST_1155,Store_1155,non digital,0 %
ROUTE_0011,CUST_0102,Store_0102,non digital,0 %
ROUTE_0011,CUST_0103,Store_0103,non digital,0 %
ROUTE_0011,CUST_1093,Store_1093,non digital,0 %
ROUTE_0011,CUST_1518,Store_1518,non digital,0 %
ROUTE_0011,CUST_0164,Store_0164,non digital,0 %
ROUTE_0011,CUST_1321,Store_1321,non digital,0 %
ROUTE_0011,CUST_1375,Store_1375,non digital,0 %
ROUTE_0011,CUST_1097,Store_1097,non digital,0 %
ROUTE_0011,CUST_0839,Store_0839,non digital,0 %
ROUTE_0011,CUST_0062,Store_0062,non digital,0 %
ROUTE_0011,CUST_1126,Store_1126,non digital,0 %
ROUTE_0011,CUST_0152,Store_0152,non digital,0 %
ROUTE_0011,CUST_1132,Store_1132,non digital,0 %
ROUTE_0011,CUST_0019,Store_0019,non digital,0 %
ROUTE_0011,CUST_1172,Store_1172,non digital,0 %
ROUTE_0011,CUST_1291,Store_1291,non digital,0 %
ROUTE_0011,CUST_0033,Store_0033,non digital,0 %
ROUTE_0011,CUST_1099,Store_1099,non digital,0 %
ROUTE_0011,CUST_0085,Store_0085,non digital,0 %
ROUTE_0011,CUST_0172,Store_0172,non digital,0 %
ROUTE_0011,CUST_1207,Store_1207,non digital,0 %
ROUTE_0011,CUST_0365,Store_0365,non digital,0 %
ROUTE_0011,CUST_0086,Store_0086,non digital,0 %
ROUTE_0022,CUST_1237,Store_1237,non digital,0 %
ROUTE_0022,CUST_1520,Store_1520,non digital,0 %
ROUTE_0022,CUST_0851,Store_0851,non digital,0 %
ROUTE_0022,CUST_1889,Store_1889,non digital,0 %
ROUTE_0022,CUST_1236,Store_1236,non digital,0 %
ROUTE_0022,CUST_0965,Store_0965,non digital,0 %
ROUTE_0022,CUST_1915,Store_1915,non digital,0 %
ROUTE_0022,CUST_0844,Store_0844,non digital,0 %
ROUTE_0022,CUST_0958,Store_0958,non digital,0 %
ROUTE_0022,CUST_1342,Store_1342,non digital,0 %
ROUTE_0022,CUST_1816,Store_1816,non digital,0 %
ROUTE_0022,CUST_0804,Store_0804,non digital,0 %
ROUTE_0022,CUST_1494,Store_1494,non digital,0 %
ROUTE_0022,CUST_1634,Store_1634,non digital,0 %
ROUTE_0022,CUST_1489,Store_1489,non digital,0 %
ROUTE_0022,CUST_0548,Store_0548,non digital,0 %
ROUTE_0022,CUST_0318,Store_0318,non digital,0 %
ROUTE_0022,CUST_1091,Store_1091,non digital,0 %
ROUTE_0022,CUST_1912,Store_1912,non digital,0 %
ROUTE_0022,CUST_0967,Store_0967,non digital,0 %
ROUTE_0022,CUST_1913,Store_1913,non digital,0 %
ROUTE_0022,CUST_1105,Store_1105,non digital,0 %
ROUTE_0022,CUST_1145,Store_1145,non digital,0 %
ROUTE_0021,CUST_0601,Store_0601,non digital,0 %
ROUTE_0021,CUST_1202,Store_1202,non digital,0 %
ROUTE_0021,CUST_0633,Store_0633,non digital,0 %
ROUTE_0021,CUST_1576,Store_1576,non digital,0 %
ROUTE_0021,CUST_2050,Store_2050,non digital,0 %
ROUTE_0021,CUST_0680,Store_0680,non digital,0 %
ROUTE_0021,CUST_0093,Store_0093,non digital,0 %
ROUTE_0021,CUST_0768,Store_0768,non digital,0 %
ROUTE_0021,CUST_0131,Store_0131,non digital,0 %
ROUTE_0021,CUST_0129,Store_0129,non digital,0 %
ROUTE_0021,CUST_1410,Store_1410,non digital,0 %
ROUTE_0021,CUST_0978,Store_0978,non digital,0 %
ROUTE_0021,CUST_0126,Store_0126,non digital,0 %
ROUTE_0021,CUST_0242,Store_0242,non digital,0 %
ROUTE_0021,CUST_1796,Store_1796,non digital,0 %
ROUTE_0021,CUST_1672,Store_1672,non digital,0 %
ROUTE_0021,CUST_1204,Store_1204,non digital,0 %
ROUTE_0021,CUST_0710,Store_0710,non digital,0 %
ROUTE_0021,CUST_0171,Store_0171,non digital,0 %
ROUTE_0021,CUST_1671,Store_1671,non digital,0 %
ROUTE_0021,CUST_0555,Store_0555,non digital,0 %
ROUTE_0021,CUST_0139,Store_0139,non digital,0 %
ROUTE_0021,CUST_0425,Store_0425,non digital,0 %
ROUTE_0021,CUST_1721,Store_1721,non digital,0 %
ROUTE_0021,CUST_1839,Store_1839,non digital,0 %
ROUTE_0021,CUST_0314,Store_0314,non digital,0 %
ROUTE_0021,CUST_1346,Store_1346,non digital,0 %
ROUTE_0021,CUST_0613,Store_0613,non digital,0 %
ROUTE_0021,CUST_0759,Store_0759,non digital,0 %
ROUTE_0021,CUST_1138,Store_1138,non digital,0 %
ROUTE_0021,CUST_0765,Store_0765,non digital,0 %
ROUTE_0021,CUST_1973,Store_1973,non digital,0 %
ROUTE_0021,CUST_1249,Store_1249,non digital,0 %
ROUTE_0021,CUST_0531,Store_0531,non digital,0 %
ROUTE_0021,CUST_1829,Store_1829,non digital,0 %
ROUTE_0021,CUST_0118,Store_0118,non digital,0 %
ROUTE_0021,CUST_1527,Store_1527,non digital,0 %
ROUTE_0021,CUST_1387,Store_1387,non digital,0 %
ROUTE_0021,CUST_1468,Store_1468,non digital,0 %
ROUTE_0021,CUST_1076,Store_1076,non digital,0 %
ROUTE_0021,CUST_0234,Store_0234,non digital,0 %
ROUTE_0021,CUST_1354,Store_1354,non digital,0 %
ROUTE_0021,CUST_0822,Store_0822,non digital,0 %
ROUTE_0021,CUST_2006,Store_2006,non digital,0 %
ROUTE_0021,CUST_2003,Store_2003,non digital,0 %
ROUTE_0021,CUST_0536,Store_0536,non digital,0 %
ROUTE_0021,CUST_1399,Store_1399,non digital,0 %
ROUTE_0021,CUST_1807,Store_1807,non digital,0 %
ROUTE_0021,CUST_1305,Store_1305,non digital,0 %
ROUTE_0021,CUST_0241,Store_0241,non digital,0 %
ROUTE_0021,CUST_0456,Store_0456,non digital,0 %
ROUTE_0021,CUST_1851,Store_1851,non digital,0 %
ROUTE_0021,CUST_0239,Store_0239,non digital,0 %
ROUTE_0021,CUST_0622,Store_0622,non digital,0 %
ROUTE_0021,CUST_0187,Store_0187,non digital,0 %
ROUTE_0021,CUST_1473,Store_1473,non digital,0 %
ROUTE_0021,CUST_0197,Store_0197,non digital,0 %
ROUTE_0021,CUST_1952,Store_1952,non digital,0 %
ROUTE_0021,CUST_1885,Store_1885,non digital,0 %
ROUTE_0021,CUST_0220,Store_0220,non digital,0 %
ROUTE_0021,CUST_0254,Store_0254,non digital,0 %
ROUTE_0021,CUST_1298,Store_1298,non digital,0 %
ROUTE_0021,CUST_1225,Store_1225,non digital,0 %
ROUTE_0021,CUST_1010,Store_1010,non digital,0 %
ROUTE_0021,CUST_2007,Store_2007,non digital,0 %
ROUTE_0021,CUST_1697,Store_1697,non digital,0 %
ROUTE_0021,CUST_0351,Store_0351,non digital,0 %
ROUTE_0021,CUST_1549,Store_1549,non digital,0 %
ROUTE_0021,CUST_1302,Store_1302,non digital,0 %
ROUTE_0021,CUST_0209,Store_0209,non digital,0 %
ROUTE_0021,CUST_2008,Store_2008,non digital,0 %
ROUTE_0021,CUST_1187,Store_1187,non digital,0 %
ROUTE_0021,CUST_1946,Store_1946,non digital,0 %
ROUTE_0021,CUST_0347,Store_0347,non digital,0 %
ROUTE_0004,CUST_0145,Store_0145,non digital,0 %
ROUTE_0004,CUST_1806,Store_1806,non digital,0 %
ROUTE_0004,CUST_0703,Store_0703,non digital,0 %
ROUTE_0004,CUST_1001,Store_1001,non digital,0 %
ROUTE_0004,CUST_1847,Store_1847,non digital,0 %
ROUTE_0004,CUST_1753,Store_1753,non digital,0 %
ROUTE_0004,CUST_1508,Store_1508,non digital,0 %
ROUTE_0004,CUST_0580,Store_0580,non digital,0 %
ROUTE_0004,CUST_0016,Store_0016,non digital,0 %
ROUTE_0004,CUST_0950,Store_0950,non digital,0 %
ROUTE_0004,CUST_0004,Store_0004,non digital,0 %
ROUTE_0004,CUST_1134,Store_1134,non digital,0 %
ROUTE_0004,CUST_1709,Store_1709,non digital,0 %
ROUTE_0004,CUST_0628,Store_0628,non digital,0 %
ROUTE_0004,CUST_1666,Store_1666,non digital,0 %
ROUTE_0004,CUST_0264,Store_0264,non digital,0 %
ROUTE_0004,CUST_1504,Store_1504,non digital,0 %
ROUTE_0004,CUST_1538,Store_1538,non digital,0 %
ROUTE_0004,CUST_0493,Store_0493,non digital,0 %
ROUTE_0004,CUST_0388,Store_0388,non digital,0 %
ROUTE_0004,CUST_0123,Store_0123,non digital,0 %
ROUTE_0004,CUST_1795,Store_1795,non digital,0 %
ROUTE_0004,CUST_0590,Store_0590,non digital,0 %
ROUTE_0004,CUST_1841,Store_1841,non digital,0 %
ROUTE_0004,CUST_1392,Store_1392,non digital,0 %
ROUTE_0004,CUST_0619,Store_0619,non digital,0 %
ROUTE_0004,CUST_0159,Store_0159,non digital,0 %
ROUTE_0004,CUST_1601,Store_1601,non digital,0 %
ROUTE_0004,CUST_1937,Store_1937,non digital,0 %
ROUTE_0004,CUST_0189,Store_0189,non digital,0 %
ROUTE_0004,CUST_1254,Store_1254,non digital,0 %
ROUTE_0004,CUST_1679,Store_1679,non digital,0 %
ROUTE_0004,CUST_1769,Store_1769,non digital,0 %
ROUTE_0004,CUST_1463,Store_1463,non digital,0 %
ROUTE_0004,CUST_0116,Store_0116,non digital,0 %
ROUTE_0004,CUST_0609,Store_0609,non digital,0 %
ROUTE_0004,CUST_0106,Store_0106,non digital,0 %
ROUTE_0004,CUST_0037,Store_0037,non digital,0 %
ROUTE_0004,CUST_1854,Store_1854,non digital,0 %
ROUTE_0004,CUST_0855,Store_0855,non digital,0 %
ROUTE_0004,CUST_1412,Store_1412,non digital,0 %
ROUTE_0004,CUST_1131,Store_1131,non digital,0 %
ROUTE_0004,CUST_1173,Store_1173,non digital,0 %
ROUTE_0004,CUST_1366,Store_1366,non digital,0 %
ROUTE_0004,CUST_1755,Store_1755,non digital,0 %
ROUTE_0004,CUST_1109,Store_1109,non digital,0 %
ROUTE_0004,CUST_0091,Store_0091,non digital,0 %
ROUTE_0004,CUST_1566,Store_1566,non digital,0 %
ROUTE_0004,CUST_1951,Store_1951,non digital,0 %
ROUTE_0004,CUST_1874,Store_1874,non digital,0 %
ROUTE_0004,CUST_0557,Store_0557,non digital,0 %
ROUTE_0004,CUST_2047,Store_2047,non digital,0 %
ROUTE_0004,CUST_1659,Store_1659,non digital,0 %
ROUTE_0004,CUST_0029,Store_0029,non digital,0 %
ROUTE_0004,CUST_0863,Store_0863,non digital,0 %
ROUTE_0004,CUST_1038,Store_1038,non digital,0 %
ROUTE_0004,CUST_1523,Store_1523,non digital,0 %
ROUTE_0004,CUST_0148,Store_0148,non digital,0 %
ROUTE_0004,CUST_0092,Store_0092,non digital,0 %
ROUTE_0004,CUST_1108,Store_1108,non digital,0 %
ROUTE_0004,CUST_0132,Store_0132,non digital,0 %
ROUTE_0004,CUST_0645,Store_0645,non digital,0 %
ROUTE_0004,CUST_0387,Store_0387,non digital,0 %
ROUTE_0004,CUST_0107,Store_0107,non digital,0 %
ROUTE_0004,CUST_1179,Store_1179,non digital,0 %
ROUTE_0004,CUST_0869,Store_0869,non digital,0 %
ROUTE_0004,CUST_1355,Store_1355,non digital,0 %
ROUTE_0004,CUST_1170,Store_1170,non digital,0 %
ROUTE_0004,CUST_0054,Store_0054,non digital,0 %
ROUTE_0004,CUST_0985,Store_0985,non digital,0 %
ROUTE_0004,CUST_0137,Store_0137,non digital,0 %
ROUTE_0004,CUST_0071,Store_0071,non digital,0 %
ROUTE_0004,CUST_0119,Store_0119,non digital,0 %
ROUTE_0004,CUST_1479,Store_1479,non digital,0 %
ROUTE_0004,CUST_0912,Store_0912,non digital,0 %
ROUTE_0004,CUST_1849,Store_1849,non digital,0 %
ROUTE_0004,CUST_0975,Store_0975,non digital,0 %
ROUTE_0004,CUST_1039,Store_1039,non digital,0 %
ROUTE_0004,CUST_0653,Store_0653,non digital,0 %
ROUTE_0018,CUST_1496,Store_1496,non digital,0 %
ROUTE_0018,CUST_2004,Store_2004,non digital,0 %
ROUTE_0018,CUST_1152,Store_1152,non digital,0 %
ROUTE_0018,CUST_1519,Store_1519,non digital,0 %
ROUTE_0018,CUST_0229,Store_0229,non digital,0 %
ROUTE_0018,CUST_1955,Store_1955,non digital,0 %
ROUTE_0018,CUST_0291,Store_0291,non digital,0 %
ROUTE_0018,CUST_0837,Store_0837,non digital,0 %
ROUTE_0018,CUST_0795,Store_0795,non digital,0 %
ROUTE_0018,CUST_1776,Store_1776,non digital,0 %
ROUTE_0018,CUST_0455,Store_0455,non digital,0 %
ROUTE_0018,CUST_1153,Store_1153,non digital,0 %
ROUTE_0018,CUST_0707,Store_0707,non digital,0 %
ROUTE_0018,CUST_0044,Store_0044,non digital,0 %
ROUTE_0018,CUST_0860,Store_0860,non digital,0 %
ROUTE_0018,CUST_0471,Store_0471,non digital,0 %
ROUTE_0018,CUST_0337,Store_0337,non digital,0 %
ROUTE_0018,CUST_1244,Store_1244,non digital,0 %
ROUTE_0018,CUST_1352,Store_1352,non digital,0 %
ROUTE_0018,CUST_0543,Store_0543,non digital,0 %
ROUTE_0018,CUST_0686,Store_0686,non digital,0 %
ROUTE_0018,CUST_0691,Store_0691,non digital,0 %
ROUTE_0018,CUST_0284,Store_0284,non digital,0 %
ROUTE_0018,CUST_1056,Store_1056,non digital,0 %
ROUTE_0018,CUST_2018,Store_2018,non digital,0 %
ROUTE_0018,CUST_1190,Store_1190,non digital,0 %
ROUTE_0018,CUST_0861,Store_0861,non digital,0 %
ROUTE_0018,CUST_0791,Store_0791,non digital,0 %
ROUTE_0018,CUST_0184,Store_0184,non digital,0 %
ROUTE_0018,CUST_0594,Store_0594,non digital,0 %
ROUTE_0018,CUST_1733,Store_1733,non digital,0 %
ROUTE_0010,CUST_1577,Store_1577,non digital,0 %
ROUTE_0010,CUST_1620,Store_1620,non digital,0 %
ROUTE_0010,CUST_1304,Store_1304,non digital,0 %
ROUTE_0010,CUST_1501,Store_1501,non digital,0 %
ROUTE_0010,CUST_0797,Store_0797,non digital,0 %
ROUTE_0010,CUST_1531,Store_1531,non digital,0 %
ROUTE_0010,CUST_1611,Store_1611,non digital,0 %
ROUTE_0010,CUST_1686,Store_1686,non digital,0 %
ROUTE_0010,CUST_1019,Store_1019,non digital,0 %
ROUTE_0010,CUST_1465,Store_1465,non digital,0 %
ROUTE_0010,CUST_0646,Store_0646,non digital,0 %
ROUTE_0010,CUST_1837,Store_1837,non digital,0 %
ROUTE_0010,CUST_0021,Store_0021,non digital,0 %
ROUTE_0010,CUST_0010,Store_0010,non digital,0 %
ROUTE_0010,CUST_0805,Store_0805,non digital,0 %
ROUTE_0010,CUST_0074,Store_0074,non digital,0 %
ROUTE_0010,CUST_1541,Store_1541,non digital,0 %
ROUTE_0010,CUST_1162,Store_1162,non digital,0 %
ROUTE_0010,CUST_0101,Store_0101,non digital,0 %
ROUTE_0010,CUST_0700,Store_0700,non digital,0 %
ROUTE_0010,CUST_0180,Store_0180,non digital,0 %
ROUTE_0010,CUST_0194,Store_0194,non digital,0 %
ROUTE_0010,CUST_1373,Store_1373,non digital,0 %
ROUTE_0010,CUST_1208,Store_1208,non digital,0 %
ROUTE_0010,CUST_1773,Store_1773,non digital,0 %
ROUTE_0010,CUST_0410,Store_0410,non digital,0 %
ROUTE_0010,CUST_0212,Store_0212,non digital,0 %
ROUTE_0010,CUST_1110,Store_1110,non digital,0 %
ROUTE_0010,CUST_0411,Store_0411,non digital,0 %
ROUTE_0010,CUST_0815,Store_0815,non digital,0 %
ROUTE_0010,CUST_1650,Store_1650,non digital,0 %
ROUTE_0010,CUST_1160,Store_1160,non digital,0 %
ROUTE_0010,CUST_1557,Store_1557,non digital,0 %
ROUTE_0010,CUST_1376,Store_1376,non digital,0 %
ROUTE_0010,CUST_0927,Store_0927,non digital,0 %
ROUTE_0010,CUST_0671,Store_0671,non digital,0 %
ROUTE_0010,CUST_0360,Store_0360,non digital,0 %
ROUTE_0010,CUST_0669,Store_0669,non digital,0 %
ROUTE_0010,CUST_1121,Store_1121,non digital,0 %
ROUTE_0010,CUST_1251,Store_1251,non digital,0 %
ROUTE_0010,CUST_2042,Store_2042,non digital,0 %
ROUTE_0010,CUST_1337,Store_1337,non digital,0 %
ROUTE_0010,CUST_0135,Store_0135,non digital,0 %
ROUTE_0010,CUST_0141,Store_0141,non digital,0 %
ROUTE_0010,CUST_0081,Store_0081,non digital,0 %
ROUTE_0010,CUST_0149,Store_0149,non digital,0 %
ROUTE_0010,CUST_1752,Store_1752,non digital,0 %
ROUTE_0009,CUST_0612,Store_0612,non digital,0 %
ROUTE_0009,CUST_1488,Store_1488,non digital,0 %
ROUTE_0009,CUST_1194,Store_1194,non digital,0 %
ROUTE_0009,CUST_0892,Store_0892,non digital,0 %
ROUTE_0009,CUST_1589,Store_1589,non digital,0 %
ROUTE_0009,CUST_0726,Store_0726,non digital,0 %
ROUTE_0009,CUST_0458,Store_0458,non digital,0 %
ROUTE_0009,CUST_1332,Store_1332,non digital,0 %
ROUTE_0009,CUST_1263,Store_1263,non digital,0 %
ROUTE_0009,CUST_1115,Store_1115,non digital,0 %
ROUTE_0009,CUST_0201,Store_0201,non digital,0 %
ROUTE_0009,CUST_0963,Store_0963,non digital,0 %
ROUTE_0009,CUST_0156,Store_0156,non digital,0 %
ROUTE_0009,CUST_0077,Store_0077,non digital,0 %
ROUTE_0009,CUST_1083,Store_1083,non digital,0 %
ROUTE_0009,CUST_0013,Store_0013,non digital,0 %
ROUTE_0009,CUST_1094,Store_1094,non digital,0 %
ROUTE_0009,CUST_1409,Store_1409,non digital,0 %
ROUTE_0009,CUST_0057,Store_0057,non digital,0 %
ROUTE_0009,CUST_0517,Store_0517,non digital,0 %
ROUTE_0009,CUST_1976,Store_1976,non digital,0 %
ROUTE_0009,CUST_1253,Store_1253,non digital,0 %
ROUTE_0009,CUST_0497,Store_0497,non digital,0 %
ROUTE_0009,CUST_1614,Store_1614,non digital,0 %
ROUTE_0009,CUST_1364,Store_1364,non digital,0 %
ROUTE_0009,CUST_1767,Store_1767,non digital,0 %
ROUTE_0009,CUST_0499,Store_0499,non digital,0 %
ROUTE_0009,CUST_1013,Store_1013,non digital,0 %
ROUTE_0009,CUST_0717,Store_0717,non digital,0 %
ROUTE_0009,CUST_0096,Store_0096,non digital,0 %
ROUTE_0009,CUST_1727,Store_1727,non digital,0 %
ROUTE_0009,CUST_1027,Store_1027,non digital,0 %
ROUTE_0009,CUST_0009,Store_0009,non digital,0 %
ROUTE_0009,CUST_0015,Store_0015,non digital,0 %
ROUTE_0009,CUST_1289,Store_1289,non digital,0 %
ROUTE_0009,CUST_1092,Store_1092,non digital,0 %
ROUTE_0009,CUST_2041,Store_2041,non digital,0 %
ROUTE_0009,CUST_1315,Store_1315,non digital,0 %
ROUTE_0009,CUST_0886,Store_0886,non digital,0 %
ROUTE_0009,CUST_0058,Store_0058,non digital,0 %
ROUTE_0009,CUST_1871,Store_1871,non digital,0 %
ROUTE_0009,CUST_1517,Store_1517,non digital,0 %
ROUTE_0009,CUST_1262,Store_1262,non digital,0 %
ROUTE_0009,CUST_0856,Store_0856,non digital,0 %
ROUTE_0009,CUST_1286,Store_1286,non digital,0 %
ROUTE_0009,CUST_0206,Store_0206,non digital,0 %
ROUTE_0009,CUST_0995,Store_0995,non digital,0 %
ROUTE_0009,CUST_1240,Store_1240,non digital,0 %
ROUTE_0009,CUST_1245,Store_1245,non digital,0 %
ROUTE_0012,CUST_1260,Store_1260,non digital,0 %
ROUTE_0012,CUST_0574,Store_0574,non digital,0 %
ROUTE_0012,CUST_1702,Store_1702,non digital,0 %
ROUTE_0012,CUST_0714,Store_0714,non digital,0 %
ROUTE_0012,CUST_1815,Store_1815,non digital,0 %
ROUTE_0012,CUST_1695,Store_1695,non digital,0 %
ROUTE_0012,CUST_0776,Store_0776,non digital,0 %
ROUTE_0012,CUST_0923,Store_0923,non digital,0 %
ROUTE_0012,CUST_0773,Store_0773,non digital,0 %
ROUTE_0012,CUST_1855,Store_1855,non digital,0 %
ROUTE_0012,CUST_0638,Store_0638,non digital,0 %
ROUTE_0012,CUST_1147,Store_1147,non digital,0 %
ROUTE_0012,CUST_0433,Store_0433,non digital,0 %
ROUTE_0012,CUST_0540,Store_0540,non digital,0 %
ROUTE_0012,CUST_1593,Store_1593,non digital,0 %
ROUTE_0012,CUST_1078,Store_1078,non digital,0 %
ROUTE_0012,CUST_0368,Store_0368,non digital,0 %
ROUTE_0012,CUST_1550,Store_1550,non digital,0 %
ROUTE_0012,CUST_0207,Store_0207,non digital,0 %
ROUTE_0012,CUST_0745,Store_0745,non digital,0 %
ROUTE_0012,CUST_1963,Store_1963,non digital,0 %
ROUTE_0012,CUST_1667,Store_1667,non digital,0 %
ROUTE_0012,CUST_1578,Store_1578,non digital,0 %
ROUTE_0012,CUST_1532,Store_1532,non digital,0 %
ROUTE_0012,CUST_0631,Store_0631,non digital,0 %
ROUTE_0012,CUST_0023,Store_0023,non digital,0 %
ROUTE_0012,CUST_1500,Store_1500,non digital,0 %
ROUTE_0012,CUST_0166,Store_0166,non digital,0 %
ROUTE_0012,CUST_0491,Store_0491,non digital,0 %
ROUTE_0012,CUST_0465,Store_0465,non digital,0 %
ROUTE_0012,CUST_0040,Store_0040,non digital,0 %
ROUTE_0012,CUST_0094,Store_0094,non digital,0 %
ROUTE_0012,CUST_1524,Store_1524,non digital,0 %
ROUTE_0012,CUST_0452,Store_0452,non digital,0 %
ROUTE_0012,CUST_0150,Store_0150,non digital,0 %
ROUTE_0012,CUST_0165,Store_0165,non digital,0 %
ROUTE_0012,CUST_0701,Store_0701,non digital,0 %
ROUTE_0012,CUST_0727,Store_0727,non digital,0 %
ROUTE_0012,CUST_0782,Store_0782,non digital,0 %
ROUTE_0012,CUST_1965,Store_1965,non digital,0 %
ROUTE_0012,CUST_0371,Store_0371,non digital,0 %
ROUTE_0012,CUST_0675,Store_0675,non digital,0 %
ROUTE_0012,CUST_1968,Store_1968,non digital,0 %
ROUTE_0012,CUST_0346,Store_0346,non digital,0 %
ROUTE_0012,CUST_0429,Store_0429,non digital,0 %
ROUTE_0012,CUST_0621,Store_0621,non digital,0 %
ROUTE_0012,CUST_0575,Store_0575,non digital,0 %
ROUTE_0012,CUST_1540,Store_1540,non digital,0 %
ROUTE_0012,CUST_0835,Store_0835,non digital,0 %
ROUTE_0012,CUST_0807,Store_0807,non digital,0 %
ROUTE_0012,CUST_1040,Store_1040,non digital,0 %
ROUTE_0012,CUST_1005,Store_1005,non digital,0 %
ROUTE_0012,CUST_0632,Store_0632,non digital,0 %
ROUTE_0012,CUST_0282,Store_0282,non digital,0 %
ROUTE_0012,CUST_0553,Store_0553,non digital,0 %
ROUTE_0012,CUST_1878,Store_1878,non digital,0 %
ROUTE_0012,CUST_0363,Store_0363,non digital,0 %
ROUTE_0012,CUST_1499,Store_1499,non digital,0 %
ROUTE_0012,CUST_0391,Store_0391,non digital,0 %
ROUTE_0012,CUST_0345,Store_0345,non digital,0 %
ROUTE_0012,CUST_0820,Store_0820,non digital,0 %
ROUTE_0012,CUST_1133,Store_1133,non digital,0 %
ROUTE_0012,CUST_1476,Store_1476,non digital,0 %
ROUTE_0012,CUST_1004,Store_1004,non digital,0 %
ROUTE_0012,CUST_1649,Store_1649,non digital,0 %
ROUTE_0012,CUST_0740,Store_0740,non digital,0 %
ROUTE_0012,CUST_0529,Store_0529,non digital,0 %
ROUTE_0012,CUST_0390,Store_0390,non digital,0 %
ROUTE_0012,CUST_0466,Store_0466,non digital,0 %
ROUTE_0012,CUST_0297,Store_0297,non digital,0 %
ROUTE_0012,CUST_1418,Store_1418,non digital,0 %
ROUTE_0012,CUST_0316,Store_0316,non digital,0 %
ROUTE_0012,CUST_1313,Store_1313,non digital,0 %
ROUTE_0012,CUST_1925,Store_1925,non digital,0 %
ROUTE_0012,CUST_0396,Store_0396,non digital,0 %
ROUTE_0012,CUST_0449,Store_0449,non digital,0 %
ROUTE_0012,CUST_0510,Store_0510,non digital,0 %
ROUTE_0012,CUST_0986,Store_0986,non digital,0 %
ROUTE_0012,CUST_1690,Store_1690,non digital,0 %
ROUTE_0012,CUST_0660,Store_0660,non digital,0 %
ROUTE_0012,CUST_1715,Store_1715,non digital,0 %
ROUTE_0012,CUST_0643,Store_0643,non digital,0 %
ROUTE_0012,CUST_0474,Store_0474,non digital,0 %
ROUTE_0012,CUST_0880,Store_0880,non digital,0 %
ROUTE_0012,CUST_1428,Store_1428,non digital,0 %
ROUTE_0001,CUST_0426,Store_0426,non digital,0 %
ROUTE_0001,CUST_2021,Store_2021,non digital,0 %
ROUTE_0001,CUST_0427,Store_0427,non digital,0 %
ROUTE_0001,CUST_0674,Store_0674,non digital,0 %
ROUTE_0001,CUST_1474,Store_1474,non digital,0 %
ROUTE_0015,CUST_1044,Store_1044,non digital,0 %
ROUTE_0015,CUST_0380,Store_0380,non digital,0 %
ROUTE_0015,CUST_1256,Store_1256,non digital,0 %
ROUTE_0015,CUST_0564,Store_0564,non digital,0 %
ROUTE_0015,CUST_0723,Store_0723,non digital,0 %
ROUTE_0015,CUST_1464,Store_1464,non digital,0 %
ROUTE_0015,CUST_0468,Store_0468,non digital,0 %
ROUTE_0015,CUST_1587,Store_1587,non digital,0 %
ROUTE_0015,CUST_0582,Store_0582,non digital,0 %
ROUTE_0015,CUST_0370,Store_0370,non digital,0 %
ROUTE_0015,CUST_1699,Store_1699,non digital,0 %
ROUTE_0015,CUST_0304,Store_0304,non digital,0 %
ROUTE_0015,CUST_0226,Store_0226,non digital,0 %
ROUTE_0015,CUST_0551,Store_0551,non digital,0 %
ROUTE_0015,CUST_1234,Store_1234,non digital,0 %
ROUTE_0015,CUST_1425,Store_1425,non digital,0 %
ROUTE_0015,CUST_2000,Store_2000,non digital,0 %
ROUTE_0015,CUST_1203,Store_1203,non digital,0 %
ROUTE_0015,CUST_1480,Store_1480,non digital,0 %
ROUTE_0015,CUST_1967,Store_1967,non digital,0 %
ROUTE_0015,CUST_1215,Store_1215,non digital,0 %
ROUTE_0015,CUST_0287,Store_0287,non digital,0 %
ROUTE_0015,CUST_1445,Store_1445,non digital,0 %
ROUTE_0015,CUST_0030,Store_0030,non digital,0 %
ROUTE_0015,CUST_0034,Store_0034,non digital,0 %
ROUTE_0015,CUST_1563,Store_1563,non digital,0 %
ROUTE_0015,CUST_0663,Store_0663,non digital,0 %
ROUTE_0015,CUST_0196,Store_0196,non digital,0 %
ROUTE_0015,CUST_1374,Store_1374,non digital,0 %
ROUTE_0015,CUST_0705,Store_0705,non digital,0 %
ROUTE_0015,CUST_1774,Store_1774,non digital,0 %
ROUTE_0015,CUST_0492,Store_0492,non digital,0 %
ROUTE_0015,CUST_0216,Store_0216,non digital,0 %
ROUTE_0015,CUST_0248,Store_0248,non digital,0 %
ROUTE_0015,CUST_0308,Store_0308,non digital,0 %
ROUTE_0015,CUST_0253,Store_0253,non digital,0 %
ROUTE_0015,CUST_0937,Store_0937,non digital,0 %
ROUTE_0015,CUST_1655,Store_1655,non digital,0 %
ROUTE_0015,CUST_0853,Store_0853,non digital,0 %
ROUTE_0015,CUST_1371,Store_1371,non digital,0 %
ROUTE_0015,CUST_1845,Store_1845,non digital,0 %
ROUTE_0015,CUST_0614,Store_0614,non digital,0 %
ROUTE_0015,CUST_0523,Store_0523,non digital,0 %
ROUTE_0015,CUST_1309,Store_1309,non digital,0 %
ROUTE_0015,CUST_1435,Store_1435,non digital,0 %
ROUTE_0015,CUST_0262,Store_0262,non digital,0 %
ROUTE_0015,CUST_0376,Store_0376,non digital,0 %
ROUTE_0015,CUST_0883,Store_0883,non digital,0 %
ROUTE_0015,CUST_0538,Store_0538,non digital,0 %
ROUTE_0015,CUST_1051,Store_1051,non digital,0 %
ROUTE_0015,CUST_0558,Store_0558,non digital,0 %
ROUTE_0015,CUST_0991,Store_0991,non digital,0 %
ROUTE_0015,CUST_0997,Store_0997,non digital,0 %
ROUTE_0015,CUST_0256,Store_0256,non digital,0 %
ROUTE_0015,CUST_0708,Store_0708,non digital,0 %
ROUTE_0015,CUST_0271,Store_0271,non digital,0 %
ROUTE_0015,CUST_0666,Store_0666,non digital,0 %
ROUTE_0015,CUST_0672,Store_0672,non digital,0 %
ROUTE_0015,CUST_0761,Store_0761,non digital,0 %
ROUTE_0015,CUST_1725,Store_1725,non digital,0 %
ROUTE_0015,CUST_1451,Store_1451,non digital,0 %
ROUTE_0015,CUST_0571,Store_0571,non digital,0 %
ROUTE_0007,CUST_1327,Store_1327,non digital,0 %
ROUTE_0007,CUST_1780,Store_1780,non digital,0 %
ROUTE_0007,CUST_1799,Store_1799,non digital,0 %
ROUTE_0007,CUST_0174,Store_0174,non digital,0 %
ROUTE_0007,CUST_1061,Store_1061,non digital,0 %
ROUTE_0007,CUST_0158,Store_0158,non digital,0 %
ROUTE_0007,CUST_1664,Store_1664,non digital,0 %
ROUTE_0007,CUST_1832,Store_1832,non digital,0 %
ROUTE_0007,CUST_2019,Store_2019,non digital,0 %
ROUTE_0007,CUST_0188,Store_0188,non digital,0 %
ROUTE_0007,CUST_0859,Store_0859,non digital,0 %
ROUTE_0007,CUST_0846,Store_0846,non digital,0 %
ROUTE_0007,CUST_0843,Store_0843,non digital,0 %
ROUTE_0007,CUST_1454,Store_1454,non digital,0 %
ROUTE_0007,CUST_1458,Store_1458,non digital,0 %
ROUTE_0007,CUST_0933,Store_0933,non digital,0 %
ROUTE_0007,CUST_1927,Store_1927,non digital,0 %
ROUTE_0007,CUST_0974,Store_0974,non digital,0 %
ROUTE_0007,CUST_1928,Store_1928,non digital,0 %
ROUTE_0007,CUST_0334,Store_0334,non digital,0 %
ROUTE_0007,CUST_0657,Store_0657,non digital,0 %
ROUTE_0021,CUST_1873,Store_1873,hibrido,5 %
ROUTE_0009,CUST_1183,Store_1183,hibrido,5 %
ROUTE_0003,CUST_1120,Store_1120,hibrido,7 %
ROUTE_0019,CUST_1571,Store_1571,hibrido,3 %
ROUTE_0006,CUST_0825,Store_0825,hibrido,28 %
ROUTE_0015,CUST_1784,Store_1784,hibrido,11 %
ROUTE_0006,CUST_1661,Store_1661,hibrido,8 %
ROUTE_0006,CUST_0560,Store_0560,hibrido,3 %
ROUTE_0018,CUST_0068,Store_0068,hibrido,31 %
ROUTE_0016,CUST_0673,Store_0673,hibrido,8 %
ROUTE_0016,CUST_0445,Store_0445,hibrido,6 %
ROUTE_0016,CUST_1248,Store_1248,hibrido,4 %
ROUTE_0016,CUST_1181,Store_1181,hibrido,4 %
ROUTE_0021,CUST_0352,Store_0352,hibrido,6 %
ROUTE_0004,CUST_0087,Store_0087,hibrido,33 %
ROUTE_0015,CUST_0218,Store_0218,hibrido,50 %
ROUTE_0004,CUST_1526,Store_1526,hibrido,9 %
ROUTE_0004,CUST_0624,Store_0624,fully,100 %
ROUTE_0008,CUST_0862,Store_0862,fully,100 %
ROUTE_0011,CUST_0943,Store_0943,hibrido,38 %
ROUTE_0019,CUST_0485,Store_0485,hibrido,34 %
ROUTE_0008,CUST_1246,Store_1246,hibrido,36 %
ROUTE_0012,CUST_0662,Store_0662,hibrido,20 %
ROUTE_0012,CUST_1772,Store_1772,hibrido,41 %
ROUTE_0005,CUST_1180,Store_1180,hibrido,22 %
ROUTE_0004,CUST_1599,Store_1599,hibrido,4 %
ROUTE_0005,CUST_1125,Store_1125,hibrido,21 %
ROUTE_0011,CUST_1197,Store_1197,hibrido,19 %
ROUTE_0006,CUST_1869,Store_1869,hibrido,4 %
ROUTE_0009,CUST_0887,Store_0887,hibrido,15 %
ROUTE_0021,CUST_0232,Store_0232,hibrido,2 %
ROUTE_0019,CUST_1241,Store_1241,hibrido,39 %
ROUTE_0003,CUST_1572,Store_1572,hibrido,16 %
ROUTE_0018,CUST_2022,Store_2022,hibrido,33 %
ROUTE_0011,CUST_0857,Store_0857,fully,74 %
ROUTE_0009,CUST_1656,Store_1656,hibrido,23 %
ROUTE_0012,CUST_0724,Store_0724,hibrido,52 %
ROUTE_0001,CUST_0801,Store_0801,hibrido,8 %
ROUTE_0002,CUST_1452,Store_1452,hibrido,17 %
ROUTE_0003,CUST_1579,Store_1579,hibrido,31 %
ROUTE_0006,CUST_0202,Store_0202,hibrido,10 %
ROUTE_0006,CUST_0579,Store_0579,hibrido,22 %
ROUTE_0003,CUST_2038,Store_2038,hibrido,35 %
ROUTE_0021,CUST_1229,Store_1229,hibrido,10 %
ROUTE_0021,CUST_0522,Store_0522,hibrido,16 %
ROUTE_0017,CUST_1850,Store_1850,hibrido,36 %
ROUTE_0012,CUST_1978,Store_1978,hibrido,26 %
ROUTE_0011,CUST_0011,Store_0011,hibrido,25 %
ROUTE_0010,CUST_0748,Store_0748,fully,100 %
ROUTE_0005,CUST_1068,Store_1068,fully,100 %
ROUTE_0005,CUST_1487,Store_1487,hibrido,50 %
ROUTE_0019,CUST_0354,Store_0354,hibrido,13 %
ROUTE_0011,CUST_1295,Store_1295,hibrido,24 %
ROUTE_0014,CUST_1514,Store_1514,hibrido,14 %
ROUTE_0012,CUST_0280,Store_0280,hibrido,22 %
ROUTE_0006,CUST_1708,Store_1708,hibrido,23 %
ROUTE_0006,CUST_1224,Store_1224,hibrido,10 %
ROUTE_0006,CUST_0489,Store_0489,hibrido,24 %
ROUTE_0004,CUST_1754,Store_1754,hibrido,35 %
ROUTE_0016,CUST_0623,Store_0623,hibrido,7 %
ROUTE_0021,CUST_0478,Store_0478,hibrido,7 %
ROUTE_0012,CUST_0585,Store_0585,hibrido,23 %
ROUTE_0015,CUST_0648,Store_0648,hibrido,16 %
ROUTE_0011,CUST_0012,Store_0012,hibrido,33 %
ROUTE_0014,CUST_1277,Store_1277,hibrido,11 %
ROUTE_0002,CUST_1827,Store_1827,hibrido,22 %
ROUTE_0006,CUST_0709,Store_0709,hibrido,14 %
ROUTE_0019,CUST_0219,Store_0219,hibrido,10 %
ROUTE_0011,CUST_0122,Store_0122,hibrido,27 %
ROUTE_0010,CUST_1812,Store_1812,fully,100 %
ROUTE_0002,CUST_0482,Store_0482,hibrido,21 %
ROUTE_0012,CUST_1712,Store_1712,hibrido,61 %
ROUTE_0010,CUST_0138,Store_0138,fully,100 %
ROUTE_0022,CUST_0738,Store_0738,hibrido,3 %
ROUTE_0018,CUST_1867,Store_1867,hibrido,23 %
ROUTE_0017,CUST_0905,Store_0905,fully,100 %
ROUTE_0006,CUST_0668,Store_0668,hibrido,8 %
ROUTE_0018,CUST_1031,Store_1031,hibrido,8 %
ROUTE_0018,CUST_0341,Store_0341,hibrido,12 %
ROUTE_0019,CUST_1631,Store_1631,hibrido,19 %
ROUTE_0019,CUST_1831,Store_1831,fully,100 %
ROUTE_0004,CUST_2030,Store_2030,hibrido,59 %
ROUTE_0002,CUST_1901,Store_1901,hibrido,22 %
ROUTE_0009,CUST_1648,Store_1648,hibrido,17 %
ROUTE_0002,CUST_0361,Store_0361,hibrido,18 %
ROUTE_0021,CUST_0110,Store_0110,hibrido,32 %
ROUTE_0018,CUST_0789,Store_0789,hibrido,45 %
ROUTE_0015,CUST_0269,Store_0269,hibrido,32 %
ROUTE_0003,CUST_0841,Store_0841,hibrido,55 %
ROUTE_0005,CUST_1574,Store_1574,hibrido,54 %
ROUTE_0006,CUST_1441,Store_1441,hibrido,10 %
ROUTE_0009,CUST_0084,Store_0084,hibrido,30 %
ROUTE_0021,CUST_0353,Store_0353,hibrido,7 %
ROUTE_0009,CUST_1053,Store_1053,hibrido,40 %
ROUTE_0002,CUST_0208,Store_0208,hibrido,21 %
ROUTE_0011,CUST_1028,Store_1028,hibrido,39 %
ROUTE_0003,CUST_0342,Store_0342,hibrido,9 %
ROUTE_0017,CUST_0951,Store_0951,hibrido,46 %
ROUTE_0018,CUST_0178,Store_0178,hibrido,32 %
ROUTE_0010,CUST_0930,Store_0930,fully,89 %
ROUTE_0011,CUST_1127,Store_1127,hibrido,37 %
ROUTE_0011,CUST_1677,Store_1677,hibrido,24 %
ROUTE_0011,CUST_0637,Store_0637,hibrido,52 %
ROUTE_0019,CUST_0568,Store_0568,hibrido,36 %
ROUTE_0017,CUST_0063,Store_0063,hibrido,34 %
ROUTE_0018,CUST_1938,Store_1938,hibrido,29 %
ROUTE_0014,CUST_0944,Store_0944,hibrido,31 %
ROUTE_0015,CUST_0236,Store_0236,hibrido,13 %
ROUTE_0011,CUST_1106,Store_1106,hibrido,37 %
ROUTE_0005,CUST_0746,Store_0746,hibrido,20 %
ROUTE_0015,CUST_1949,Store_1949,fully,100 %
ROUTE_0012,CUST_0525,Store_0525,hibrido,22 %
ROUTE_0003,CUST_0470,Store_0470,fully,100 %
ROUTE_0011,CUST_0832,Store_0832,hibrido,26 %
ROUTE_0009,CUST_0811,Store_0811,hibrido,46 %
ROUTE_0009,CUST_1533,Store_1533,hibrido,50 %
ROUTE_0019,CUST_1258,Store_1258,hibrido,69 %
ROUTE_0009,CUST_1974,Store_1974,hibrido,26 %
ROUTE_0021,CUST_0104,Store_0104,hibrido,28 %
ROUTE_0005,CUST_0199,Store_0199,hibrido,35 %
ROUTE_0010,CUST_1835,Store_1835,fully,100 %
ROUTE_0009,CUST_0120,Store_0120,hibrido,58 %
ROUTE_0004,CUST_0065,Store_0065,hibrido,21 %
ROUTE_0016,CUST_1923,Store_1923,hibrido,13 %
ROUTE_0019,CUST_0191,Store_0191,hibrido,4 %
ROUTE_0021,CUST_0395,Store_0395,hibrido,25 %
ROUTE_0011,CUST_1825,Store_1825,hibrido,47 %
ROUTE_0006,CUST_0031,Store_0031,hibrido,31 %
ROUTE_0018,CUST_1797,Store_1797,hibrido,16 %
ROUTE_0005,CUST_0752,Store_0752,hibrido,31 %
ROUTE_0009,CUST_1148,Store_1148,fully,94 %
ROUTE_0015,CUST_0505,Store_0505,hibrido,41 %
ROUTE_0010,CUST_0290,Store_0290,fully,100 %
ROUTE_0011,CUST_1035,Store_1035,fully,100 %
ROUTE_0012,CUST_0521,Store_0521,hibrido,56 %
ROUTE_0010,CUST_2031,Store_2031,hibrido,50 %
ROUTE_0021,CUST_1421,Store_1421,hibrido,16 %
ROUTE_0009,CUST_0098,Store_0098,hibrido,69 %
ROUTE_0018,CUST_1861,Store_1861,hibrido,24 %
ROUTE_0009,CUST_0818,Store_0818,hibrido,59 %
ROUTE_0005,CUST_1080,Store_1080,hibrido,36 %
ROUTE_0003,CUST_0895,Store_0895,hibrido,47 %
ROUTE_0010,CUST_1548,Store_1548,fully,100 %
ROUTE_0019,CUST_0462,Store_0462,fully,100 %
ROUTE_0011,CUST_1117,Store_1117,hibrido,64 %
ROUTE_0009,CUST_0903,Store_0903,hibrido,59 %
ROUTE_0014,CUST_0481,Store_0481,hibrido,22 %
ROUTE_0014,CUST_1564,Store_1564,hibrido,38 %
ROUTE_0018,CUST_0732,Store_0732,hibrido,53 %
ROUTE_0019,CUST_1759,Store_1759,hibrido,55 %
ROUTE_0011,CUST_2025,Store_2025,hibrido,70 %
ROUTE_0010,CUST_1838,Store_1838,hibrido,33 %
ROUTE_0009,CUST_1513,Store_1513,hibrido,20 %
ROUTE_0016,CUST_0090,Store_0090,hibrido,23 %
ROUTE_0002,CUST_0435,Store_0435,hibrido,23 %
ROUTE_0021,CUST_0608,Store_0608,hibrido,14 %
ROUTE_0019,CUST_0526,Store_0526,fully,100 %
ROUTE_0003,CUST_0874,Store_0874,hibrido,27 %
ROUTE_0018,CUST_0659,Store_0659,fully,71 %
ROUTE_0019,CUST_1434,Store_1434,hibrido,44 %
ROUTE_0011,CUST_0836,Store_0836,hibrido,17 %
ROUTE_0016,CUST_1668,Store_1668,hibrido,43 %
ROUTE_0011,CUST_0144,Store_0144,hibrido,50 %
ROUTE_0009,CUST_1107,Store_1107,hibrido,37 %
ROUTE_0011,CUST_0490,Store_0490,hibrido,30 %
ROUTE_0009,CUST_1995,Store_1995,fully,100 %
ROUTE_0003,CUST_1931,Store_1931,hibrido,59 %
ROUTE_0006,CUST_0099,Store_0099,hibrido,26 %
ROUTE_0015,CUST_1605,Store_1605,fully,81 %
ROUTE_0014,CUST_1230,Store_1230,hibrido,22 %
ROUTE_0018,CUST_0829,Store_0829,hibrido,43 %
ROUTE_0002,CUST_0331,Store_0331,hibrido,15 %
ROUTE_0009,CUST_0073,Store_0073,hibrido,46 %
ROUTE_0009,CUST_1385,Store_1385,hibrido,41 %
ROUTE_0009,CUST_1372,Store_1372,fully,72 %
ROUTE_0010,CUST_0988,Store_0988,fully,97 %
ROUTE_0014,CUST_1770,Store_1770,hibrido,43 %
ROUTE_0017,CUST_0948,Store_0948,fully,72 %
ROUTE_0010,CUST_1794,Store_1794,hibrido,51 %
ROUTE_0008,CUST_0511,Store_0511,hibrido,26 %
ROUTE_0002,CUST_1394,Store_1394,hibrido,32 %
ROUTE_0005,CUST_0693,Store_0693,hibrido,59 %
ROUTE_0010,CUST_1750,Store_1750,hibrido,64 %
ROUTE_0008,CUST_0245,Store_0245,hibrido,30 %
ROUTE_0011,CUST_1991,Store_1991,hibrido,42 %
ROUTE_0008,CUST_0343,Store_0343,hibrido,56 %
ROUTE_0014,CUST_0535,Store_0535,hibrido,58 %
ROUTE_0018,CUST_1726,Store_1726,fully,85 %
ROUTE_0018,CUST_0079,Store_0079,hibrido,24 %
ROUTE_0005,CUST_1642,Store_1642,hibrido,52 %
ROUTE_0002,CUST_1864,Store_1864,hibrido,23 %
ROUTE_0005,CUST_1069,Store_1069,hibrido,54 %
ROUTE_0017,CUST_0043,Store_0043,hibrido,44 %
ROUTE_0015,CUST_0961,Store_0961,hibrido,54 %
ROUTE_0015,CUST_0625,Store_0625,hibrido,24 %
ROUTE_0005,CUST_1368,Store_1368,hibrido,68 %
ROUTE_0002,CUST_0315,Store_0315,hibrido,40 %
ROUTE_0010,CUST_0941,Store_0941,fully,100 %
ROUTE_0011,CUST_1022,Store_1022,hibrido,63 %
ROUTE_0010,CUST_1357,Store_1357,fully,100 %
ROUTE_0005,CUST_0704,Store_0704,hibrido,39 %
ROUTE_0015,CUST_1102,Store_1102,hibrido,16 %
ROUTE_0013,CUST_1088,Store_1088,hibrido,14 %
ROUTE_0008,CUST_0667,Store_0667,hibrido,11 %
ROUTE_0002,CUST_1818,Store_1818,hibrido,15 %
ROUTE_0010,CUST_0035,Store_0035,hibrido,36 %
ROUTE_0014,CUST_1189,Store_1189,hibrido,23 %
ROUTE_0021,CUST_0549,Store_0549,hibrido,33 %
ROUTE_0017,CUST_1123,Store_1123,fully,77 %
ROUTE_0011,CUST_0134,Store_0134,fully,81 %
ROUTE_0002,CUST_0576,Store_0576,hibrido,48 %
ROUTE_0015,CUST_1616,Store_1616,hibrido,21 %
ROUTE_0019,CUST_0527,Store_0527,hibrido,26 %
ROUTE_0010,CUST_1015,Store_1015,hibrido,30 %
ROUTE_0010,CUST_0255,Store_0255,fully,92 %
ROUTE_0010,CUST_0042,Store_0042,fully,100 %
ROUTE_0002,CUST_0542,Store_0542,hibrido,31 %
ROUTE_0004,CUST_1206,Store_1206,fully,89 %
ROUTE_0009,CUST_1143,Store_1143,fully,100 %
ROUTE_0014,CUST_1516,Store_1516,hibrido,24 %
ROUTE_0010,CUST_1888,Store_1888,fully,100 %
ROUTE_0021,CUST_0385,Store_0385,hibrido,19 %
ROUTE_0021,CUST_0286,Store_0286,hibrido,47 %
ROUTE_0019,CUST_0195,Store_0195,hibrido,60 %
ROUTE_0015,CUST_1674,Store_1674,fully,100 %
ROUTE_0009,CUST_0155,Store_0155,hibrido,28 %
ROUTE_0010,CUST_1135,Store_1135,fully,89 %
ROUTE_0019,CUST_1779,Store_1779,fully,93 %
ROUTE_0003,CUST_0654,Store_0654,hibrido,54 %
ROUTE_0012,CUST_0911,Store_0911,hibrido,5 %
ROUTE_0010,CUST_0278,Store_0278,fully,71 %
ROUTE_0019,CUST_0238,Store_0238,hibrido,32 %
ROUTE_0002,CUST_1609,Store_1609,hibrido,24 %
ROUTE_0011,CUST_0919,Store_0919,fully,73 %
ROUTE_0018,CUST_1830,Store_1830,fully,73 %
ROUTE_0003,CUST_0591,Store_0591,hibrido,63 %
ROUTE_0019,CUST_0629,Store_0629,hibrido,33 %
ROUTE_0020,CUST_0616,Store_0616,hibrido,3 %
ROUTE_0015,CUST_1461,Store_1461,hibrido,25 %
ROUTE_0009,CUST_1939,Store_1939,fully,100 %
ROUTE_0002,CUST_1055,Store_1055,hibrido,69 %
ROUTE_0021,CUST_0749,Store_0749,hibrido,16 %
ROUTE_0021,CUST_0235,Store_0235,hibrido,30 %
ROUTE_0003,CUST_1081,Store_1081,hibrido,65 %
ROUTE_0010,CUST_1559,Store_1559,hibrido,53 %
ROUTE_0015,CUST_0192,Store_0192,hibrido,54 %
ROUTE_0014,CUST_1052,Store_1052,hibrido,38 %
ROUTE_0017,CUST_1205,Store_1205,fully,78 %
ROUTE_0019,CUST_1907,Store_1907,fully,100 %
ROUTE_0012,CUST_0475,Store_0475,fully,88 %
ROUTE_0002,CUST_1573,Store_1573,hibrido,61 %
ROUTE_0019,CUST_1834,Store_1834,fully,100 %
ROUTE_0010,CUST_0979,Store_0979,fully,100 %
ROUTE_0009,CUST_1525,Store_1525,hibrido,26 %
ROUTE_0011,CUST_0946,Store_0946,fully,100 %
ROUTE_0017,CUST_0998,Store_0998,hibrido,30 %
ROUTE_0011,CUST_0913,Store_0913,hibrido,32 %
ROUTE_0003,CUST_1495,Store_1495,hibrido,17 %
ROUTE_0011,CUST_1353,Store_1353,fully,100 %
ROUTE_0014,CUST_1537,Store_1537,hibrido,59 %
ROUTE_0006,CUST_0405,Store_0405,hibrido,14 %
ROUTE_0012,CUST_0459,Store_0459,hibrido,40 %
ROUTE_0015,CUST_0038,Store_0038,fully,72 %
ROUTE_0016,CUST_0301,Store_0301,hibrido,18 %
ROUTE_0001,CUST_1657,Store_1657,hibrido,48 %
ROUTE_0015,CUST_0695,Store_0695,hibrido,58 %
ROUTE_0003,CUST_1985,Store_1985,hibrido,52 %
ROUTE_0005,CUST_0779,Store_0779,hibrido,58 %
ROUTE_0014,CUST_1651,Store_1651,hibrido,35 %
ROUTE_0014,CUST_1966,Store_1966,hibrido,17 %
ROUTE_0009,CUST_1377,Store_1377,hibrido,42 %
ROUTE_0021,CUST_0909,Store_0909,hibrido,26 %
ROUTE_0009,CUST_1663,Store_1663,hibrido,58 %
ROUTE_0018,CUST_1235,Store_1235,fully,74 %
ROUTE_0019,CUST_0559,Store_0559,fully,100 %
ROUTE_0012,CUST_0696,Store_0696,fully,72 %
ROUTE_0014,CUST_1906,Store_1906,hibrido,28 %
ROUTE_0018,CUST_1128,Store_1128,hibrido,47 %
ROUTE_0004,CUST_0901,Store_0901,fully,81 %
ROUTE_0008,CUST_0066,Store_0066,fully,100 %
ROUTE_0010,CUST_1283,Store_1283,hibrido,60 %
ROUTE_0005,CUST_0934,Store_0934,hibrido,52 %
ROUTE_0009,CUST_2045,Store_2045,hibrido,30 %
ROUTE_0004,CUST_0833,Store_0833,hibrido,54 %
ROUTE_0011,CUST_1466,Store_1466,fully,100 %
ROUTE_0018,CUST_1185,Store_1185,fully,73 %
ROUTE_0009,CUST_1606,Store_1606,fully,80 %
ROUTE_0004,CUST_0024,Store_0024,hibrido,51 %
ROUTE_0004,CUST_0772,Store_0772,fully,100 %
ROUTE_0004,CUST_1407,Store_1407,hibrido,53 %
ROUTE_0002,CUST_1324,Store_1324,hibrido,58 %
ROUTE_0006,CUST_0683,Store_0683,fully,100 %
ROUTE_0019,CUST_0996,Store_0996,hibrido,34 %
ROUTE_0010,CUST_0954,Store_0954,fully,100 %
ROUTE_0010,CUST_1694,Store_1694,fully,100 %
ROUTE_0010,CUST_0313,Store_0313,fully,100 %
ROUTE_0021,CUST_0908,Store_0908,hibrido,24 %
ROUTE_0021,CUST_0182,Store_0182,hibrido,23 %
ROUTE_0005,CUST_0780,Store_0780,hibrido,48 %
ROUTE_0001,CUST_1460,Store_1460,hibrido,36 %
ROUTE_0009,CUST_1875,Store_1875,hibrido,47 %
ROUTE_0014,CUST_1146,Store_1146,hibrido,68 %
ROUTE_0014,CUST_1505,Store_1505,hibrido,44 %
ROUTE_0018,CUST_0224,Store_0224,fully,90 %
ROUTE_0017,CUST_0823,Store_0823,fully,100 %
ROUTE_0008,CUST_0392,Store_0392,fully,100 %
ROUTE_0009,CUST_1542,Store_1542,fully,100 %
ROUTE_0018,CUST_1150,Store_1150,fully,76 %
ROUTE_0011,CUST_0849,Store_0849,hibrido,28 %
ROUTE_0010,CUST_0741,Store_0741,fully,100 %
ROUTE_0012,CUST_0014,Store_0014,fully,78 %
ROUTE_0003,CUST_1652,Store_1652,hibrido,47 %
ROUTE_0008,CUST_1492,Store_1492,fully,82 %
ROUTE_0009,CUST_0888,Store_0888,hibrido,63 %
ROUTE_0003,CUST_0477,Store_0477,hibrido,52 %
ROUTE_0019,CUST_1007,Store_1007,fully,100 %
ROUTE_0008,CUST_1804,Store_1804,hibrido,69 %
ROUTE_0011,CUST_0263,Store_0263,hibrido,28 %
ROUTE_0003,CUST_1345,Store_1345,fully,82 %
ROUTE_0018,CUST_0994,Store_0994,hibrido,49 %
ROUTE_0009,CUST_1598,Store_1598,hibrido,61 %
ROUTE_0018,CUST_1840,Store_1840,hibrido,46 %
ROUTE_0005,CUST_1588,Store_1588,fully,100 %
ROUTE_0005,CUST_2034,Store_2034,hibrido,31 %
ROUTE_0003,CUST_0414,Store_0414,hibrido,39 %
ROUTE_0012,CUST_1756,Store_1756,hibrido,62 %
ROUTE_0010,CUST_1836,Store_1836,fully,100 %
ROUTE_0014,CUST_0453,Store_0453,hibrido,46 %
ROUTE_0011,CUST_1137,Store_1137,hibrido,41 %
ROUTE_0014,CUST_1703,Store_1703,fully,78 %
ROUTE_0010,CUST_0539,Store_0539,fully,100 %
ROUTE_0013,CUST_1330,Store_1330,hibrido,23 %
ROUTE_0010,CUST_1562,Store_1562,fully,100 %
ROUTE_0010,CUST_0736,Store_0736,hibrido,58 %
ROUTE_0010,CUST_1814,Store_1814,fully,92 %
ROUTE_0006,CUST_0310,Store_0310,hibrido,36 %
ROUTE_0013,CUST_0336,Store_0336,hibrido,8 %
ROUTE_0022,CUST_1239,Store_1239,fully,100 %
ROUTE_0011,CUST_0142,Store_0142,hibrido,27 %
ROUTE_0007,CUST_1930,Store_1930,hibrido,17 %
ROUTE_0002,CUST_0170,Store_0170,hibrido,48 %
ROUTE_0009,CUST_1808,Store_1808,hibrido,62 %
ROUTE_0002,CUST_0064,Store_0064,fully,100 %
ROUTE_0010,CUST_1178,Store_1178,fully,100 %
ROUTE_0016,CUST_1406,Store_1406,hibrido,51 %
ROUTE_0018,CUST_1398,Store_1398,hibrido,35 %
ROUTE_0019,CUST_0532,Store_0532,fully,85 %
ROUTE_0019,CUST_0534,Store_0534,hibrido,66 %
ROUTE_0007,CUST_0046,Store_0046,hibrido,34 %
ROUTE_0008,CUST_2027,Store_2027,hibrido,21 %
ROUTE_0014,CUST_0587,Store_0587,hibrido,16 %
ROUTE_0010,CUST_1280,Store_1280,fully,100 %
ROUTE_0010,CUST_1212,Store_1212,fully,80 %
ROUTE_0010,CUST_0692,Store_0692,hibrido,5 %
ROUTE_0004,CUST_0498,Store_0498,hibrido,62 %
ROUTE_0010,CUST_0899,Store_0899,fully,100 %
ROUTE_0004,CUST_2005,Store_2005,hibrido,32 %
ROUTE_0010,CUST_0464,Store_0464,fully,100 %
ROUTE_0009,CUST_0115,Store_0115,hibrido,44 %
ROUTE_0010,CUST_0573,Store_0573,fully,94 %
ROUTE_0018,CUST_0283,Store_0283,fully,87 %
ROUTE_0021,CUST_1957,Store_1957,hibrido,60 %
ROUTE_0009,CUST_0854,Store_0854,fully,100 %
ROUTE_0008,CUST_0179,Store_0179,fully,100 %
ROUTE_0009,CUST_0125,Store_0125,fully,100 %
ROUTE_0009,CUST_0078,Store_0078,hibrido,69 %
ROUTE_0002,CUST_1696,Store_1696,hibrido,25 %
ROUTE_0005,CUST_1141,Store_1141,hibrido,51 %
ROUTE_0014,CUST_1612,Store_1612,hibrido,17 %
ROUTE_0002,CUST_0330,Store_0330,hibrido,12 %
ROUTE_0007,CUST_0007,Store_0007,hibrido,24 %
ROUTE_0014,CUST_1669,Store_1669,hibrido,53 %
ROUTE_0014,CUST_0720,Store_0720,hibrido,18 %
ROUTE_0013,CUST_0744,Store_0744,hibrido,26 %
ROUTE_0011,CUST_1191,Store_1191,hibrido,29 %
ROUTE_0019,CUST_0486,Store_0486,fully,100 %
ROUTE_0010,CUST_2052,Store_2052,fully,100 %
ROUTE_0015,CUST_1301,Store_1301,fully,80 %
ROUTE_0009,CUST_1975,Store_1975,hibrido,29 %
ROUTE_0016,CUST_0504,Store_0504,fully,72 %
ROUTE_0021,CUST_1698,Store_1698,hibrido,35 %
ROUTE_0021,CUST_0233,Store_0233,hibrido,47 %
ROUTE_0009,CUST_1561,Store_1561,fully,100 %
ROUTE_0015,CUST_1621,Store_1621,fully,100 %
ROUTE_0019,CUST_0311,Store_0311,hibrido,32 %
ROUTE_0018,CUST_1165,Store_1165,fully,100 %
ROUTE_0002,CUST_1171,Store_1171,fully,100 %
ROUTE_0005,CUST_0935,Store_0935,fully,91 %
ROUTE_0010,CUST_1970,Store_1970,fully,100 %
ROUTE_0011,CUST_1140,Store_1140,fully,74 %
ROUTE_0010,CUST_0321,Store_0321,fully,100 %
ROUTE_0009,CUST_1603,Store_1603,hibrido,54 %
ROUTE_0018,CUST_0676,Store_0676,hibrido,35 %
ROUTE_0010,CUST_0834,Store_0834,hibrido,37 %
ROUTE_0015,CUST_0562,Store_0562,hibrido,54 %
ROUTE_0011,CUST_1958,Store_1958,hibrido,50 %
ROUTE_0012,CUST_1062,Store_1062,hibrido,60 %
ROUTE_0011,CUST_0289,Store_0289,hibrido,28 %
ROUTE_0005,CUST_0339,Store_0339,fully,100 %
ROUTE_0004,CUST_0770,Store_0770,fully,90 %
ROUTE_0018,CUST_0544,Store_0544,fully,83 %
ROUTE_0016,CUST_0496,Store_0496,hibrido,60 %
ROUTE_0010,CUST_1681,Store_1681,fully,100 %
ROUTE_0009,CUST_1290,Store_1290,fully,100 %
ROUTE_0004,CUST_0157,Store_0157,fully,100 %
ROUTE_0004,CUST_1553,Store_1553,fully,100 %
ROUTE_0001,CUST_0277,Store_0277,hibrido,20 %
ROUTE_0010,CUST_0515,Store_0515,fully,100 %
ROUTE_0017,CUST_1595,Store_1595,hibrido,48 %
ROUTE_0019,CUST_0296,Store_0296,fully,100 %
ROUTE_0009,CUST_0128,Store_0128,hibrido,30 %
ROUTE_0011,CUST_1472,Store_1472,hibrido,24 %
ROUTE_0011,CUST_0570,Store_0570,hibrido,55 %
ROUTE_0019,CUST_2033,Store_2033,fully,73 %
ROUTE_0014,CUST_1683,Store_1683,hibrido,63 %
ROUTE_0018,CUST_0656,Store_0656,hibrido,32 %
ROUTE_0016,CUST_1607,Store_1607,hibrido,39 %
ROUTE_0021,CUST_0650,Store_0650,hibrido,56 %
ROUTE_0019,CUST_0634,Store_0634,hibrido,63 %
ROUTE_0018,CUST_0154,Store_0154,hibrido,62 %
ROUTE_0018,CUST_1618,Store_1618,hibrido,68 %
ROUTE_0008,CUST_1437,Store_1437,hibrido,63 %
ROUTE_0005,CUST_0273,Store_0273,hibrido,67 %
ROUTE_0020,CUST_0055,Store_0055,hibrido,15 %
ROUTE_0004,CUST_1924,Store_1924,fully,100 %
ROUTE_0009,CUST_0826,Store_0826,fully,100 %
ROUTE_0009,CUST_0270,Store_0270,hibrido,69 %
ROUTE_0010,CUST_0292,Store_0292,fully,100 %
ROUTE_0015,CUST_1684,Store_1684,fully,82 %
ROUTE_0009,CUST_1329,Store_1329,fully,84 %
ROUTE_0015,CUST_0320,Store_0320,hibrido,34 %
ROUTE_0006,CUST_0006,Store_0006,hibrido,60 %
ROUTE_0011,CUST_1909,Store_1909,fully,100 %
ROUTE_0017,CUST_0652,Store_0652,hibrido,33 %
ROUTE_0009,CUST_1070,Store_1070,hibrido,35 %
ROUTE_0009,CUST_1953,Store_1953,hibrido,21 %
ROUTE_0009,CUST_0041,Store_0041,fully,100 %
ROUTE_0005,CUST_0682,Store_0682,fully,80 %
ROUTE_0009,CUST_1920,Store_1920,hibrido,19 %
ROUTE_0018,CUST_1502,Store_1502,hibrido,33 %
ROUTE_0014,CUST_0661,Store_0661,hibrido,48 %
ROUTE_0017,CUST_1217,Store_1217,fully,74 %
ROUTE_0013,CUST_0020,Store_0020,hibrido,18 %
ROUTE_0010,CUST_1103,Store_1103,fully,100 %
ROUTE_0009,CUST_2036,Store_2036,hibrido,44 %
ROUTE_0011,CUST_1442,Store_1442,fully,100 %
ROUTE_0013,CUST_0546,Store_0546,hibrido,33 %
ROUTE_0011,CUST_1334,Store_1334,fully,72 %
ROUTE_0002,CUST_1328,Store_1328,hibrido,21 %
ROUTE_0002,CUST_0472,Store_0472,hibrido,24 %
ROUTE_0010,CUST_1529,Store_1529,hibrido,46 %
ROUTE_0019,CUST_1077,Store_1077,fully,81 %
ROUTE_0015,CUST_0597,Store_0597,fully,100 %
ROUTE_0018,CUST_0231,Store_0231,fully,79 %
ROUTE_0021,CUST_0598,Store_0598,hibrido,46 %
ROUTE_0014,CUST_0847,Store_0847,fully,100 %
ROUTE_0013,CUST_0589,Store_0589,fully,87 %
ROUTE_0004,CUST_0925,Store_0925,hibrido,33 %
ROUTE_0019,CUST_0319,Store_0319,hibrido,65 %
ROUTE_0018,CUST_0293,Store_0293,hibrido,57 %
ROUTE_0004,CUST_0432,Store_0432,fully,92 %
ROUTE_0018,CUST_1622,Store_1622,fully,98 %
ROUTE_0011,CUST_1112,Store_1112,fully,100 %
ROUTE_0009,CUST_1633,Store_1633,fully,100 %
ROUTE_0008,CUST_1898,Store_1898,hibrido,51 %
ROUTE_0003,CUST_1583,Store_1583,fully,100 %
ROUTE_0010,CUST_1036,Store_1036,hibrido,52 %
ROUTE_0002,CUST_1658,Store_1658,fully,77 %
ROUTE_0010,CUST_0824,Store_0824,fully,82 %
ROUTE_0013,CUST_0335,Store_0335,fully,74 %
ROUTE_0005,CUST_0237,Store_0237,fully,74 %
ROUTE_0010,CUST_2040,Store_2040,fully,95 %
ROUTE_0002,CUST_1824,Store_1824,fully,100 %
ROUTE_0016,CUST_0146,Store_0146,hibrido,31 %
ROUTE_0010,CUST_0687,Store_0687,fully,100 %
ROUTE_0018,CUST_1481,Store_1481,fully,74 %
ROUTE_0004,CUST_0050,Store_0050,fully,100 %
ROUTE_0019,CUST_0467,Store_0467,fully,100 %
ROUTE_0015,CUST_1902,Store_1902,fully,73 %
ROUTE_0013,CUST_0112,Store_0112,hibrido,26 %
ROUTE_0013,CUST_1449,Store_1449,hibrido,69 %
ROUTE_0010,CUST_1312,Store_1312,fully,82 %
ROUTE_0010,CUST_0108,Store_0108,fully,100 %
ROUTE_0010,CUST_1220,Store_1220,fully,87 %
ROUTE_0006,CUST_0810,Store_0810,hibrido,56 %
ROUTE_0019,CUST_0299,Store_0299,fully,82 %
ROUTE_0015,CUST_1636,Store_1636,fully,100 %
ROUTE_0012,CUST_1600,Store_1600,fully,95 %
ROUTE_0009,CUST_0454,Store_0454,fully,71 %
ROUTE_0002,CUST_1485,Store_1485,fully,76 %
ROUTE_0009,CUST_1497,Store_1497,fully,83 %
ROUTE_0020,CUST_1798,Store_1798,hibrido,30 %
ROUTE_0014,CUST_1613,Store_1613,fully,99 %
ROUTE_0011,CUST_1166,Store_1166,fully,97 %
ROUTE_0010,CUST_1384,Store_1384,fully,100 %
ROUTE_0019,CUST_0750,Store_0750,fully,100 %
ROUTE_0019,CUST_0344,Store_0344,fully,100 %
ROUTE_0016,CUST_1706,Store_1706,hibrido,57 %
ROUTE_0019,CUST_0755,Store_0755,fully,78 %
ROUTE_0018,CUST_0506,Store_0506,fully,96 %
ROUTE_0004,CUST_0306,Store_0306,fully,73 %
ROUTE_0020,CUST_1490,Store_1490,hibrido,12 %
ROUTE_0002,CUST_1423,Store_1423,hibrido,49 %
ROUTE_0013,CUST_0828,Store_0828,hibrido,25 %
ROUTE_0016,CUST_0045,Store_0045,hibrido,28 %
ROUTE_0010,CUST_1079,Store_1079,fully,100 %
ROUTE_0016,CUST_0160,Store_0160,fully,100 %
ROUTE_0009,CUST_1853,Store_1853,hibrido,44 %
ROUTE_0010,CUST_0936,Store_0936,fully,100 %
ROUTE_0011,CUST_0838,Store_0838,hibrido,63 %
ROUTE_0009,CUST_0215,Store_0215,fully,100 %
ROUTE_0018,CUST_0350,Store_0350,fully,95 %
ROUTE_0015,CUST_1763,Store_1763,hibrido,14 %
ROUTE_0010,CUST_1279,Store_1279,fully,100 %
ROUTE_0015,CUST_0910,Store_0910,fully,100 %
ROUTE_0018,CUST_0303,Store_0303,fully,92 %
ROUTE_0001,CUST_0210,Store_0210,hibrido,47 %
ROUTE_0011,CUST_0267,Store_0267,fully,74 %
ROUTE_0016,CUST_0039,Store_0039,hibrido,53 %
ROUTE_0021,CUST_0990,Store_0990,hibrido,33 %
ROUTE_0016,CUST_1059,Store_1059,hibrido,63 %
ROUTE_0021,CUST_0762,Store_0762,hibrido,64 %
ROUTE_0018,CUST_1400,Store_1400,hibrido,32 %
ROUTE_0010,CUST_1274,Store_1274,fully,100 %
ROUTE_0019,CUST_1868,Store_1868,fully,100 %
ROUTE_0011,CUST_1469,Store_1469,fully,90 %
ROUTE_0019,CUST_0509,Store_0509,fully,100 %
ROUTE_0011,CUST_0831,Store_0831,fully,80 %
ROUTE_0016,CUST_0679,Store_0679,hibrido,40 %
ROUTE_0010,CUST_0581,Store_0581,fully,73 %
ROUTE_0010,CUST_0725,Store_0725,fully,97 %
ROUTE_0014,CUST_0719,Store_0719,fully,74 %
ROUTE_0002,CUST_0441,Store_0441,hibrido,55 %
ROUTE_0017,CUST_0953,Store_0953,hibrido,56 %
ROUTE_0015,CUST_0407,Store_0407,fully,83 %
ROUTE_0009,CUST_1218,Store_1218,fully,100 %
ROUTE_0010,CUST_1917,Store_1917,fully,100 %
ROUTE_0019,CUST_0586,Store_0586,fully,100 %
ROUTE_0011,CUST_1017,Store_1017,hibrido,64 %
ROUTE_0009,CUST_1267,Store_1267,fully,100 %
ROUTE_0009,CUST_1640,Store_1640,fully,100 %
ROUTE_0002,CUST_0162,Store_0162,hibrido,64 %
ROUTE_0004,CUST_1503,Store_1503,fully,80 %
ROUTE_0018,CUST_0508,Store_0508,fully,100 %
ROUTE_0004,CUST_1401,Store_1401,fully,100 %
ROUTE_0014,CUST_0421,Store_0421,hibrido,47 %
ROUTE_0015,CUST_0976,Store_0976,fully,100 %
ROUTE_0010,CUST_1761,Store_1761,fully,100 %
ROUTE_0009,CUST_1866,Store_1866,hibrido,68 %
ROUTE_0019,CUST_0694,Store_0694,hibrido,54 %
ROUTE_0013,CUST_1100,Store_1100,hibrido,32 %
ROUTE_0009,CUST_0082,Store_0082,fully,100 %
ROUTE_0011,CUST_1785,Store_1785,hibrido,44 %
ROUTE_0005,CUST_0753,Store_0753,hibrido,67 %
ROUTE_0005,CUST_1049,Store_1049,fully,85 %
ROUTE_0018,CUST_1339,Store_1339,fully,100 %
ROUTE_0001,CUST_0971,Store_0971,fully,98 %
ROUTE_0015,CUST_0670,Store_0670,hibrido,58 %
ROUTE_0010,CUST_1009,Store_1009,hibrido,68 %
ROUTE_0010,CUST_0774,Store_0774,hibrido,49 %
ROUTE_0004,CUST_0072,Store_0072,fully,100 %
ROUTE_0007,CUST_1396,Store_1396,hibrido,20 %
ROUTE_0009,CUST_1996,Store_1996,fully,84 %
ROUTE_0019,CUST_0389,Store_0389,fully,100 %
ROUTE_0011,CUST_1369,Store_1369,fully,100 %
ROUTE_0009,CUST_1994,Store_1994,fully,72 %
ROUTE_0020,CUST_1478,Store_1478,hibrido,15 %
ROUTE_0011,CUST_1448,Store_1448,hibrido,68 %
ROUTE_0015,CUST_0418,Store_0418,hibrido,39 %
ROUTE_0007,CUST_2028,Store_2028,hibrido,20 %
ROUTE_0001,CUST_1297,Store_1297,hibrido,47 %
ROUTE_0010,CUST_1670,Store_1670,fully,100 %
ROUTE_0016,CUST_1992,Store_1992,hibrido,69 %
ROUTE_0003,CUST_0356,Store_0356,fully,75 %
ROUTE_0021,CUST_0730,Store_0730,fully,83 %
ROUTE_0018,CUST_1413,Store_1413,fully,100 %
ROUTE_0019,CUST_0754,Store_0754,fully,100 %
ROUTE_0004,CUST_1104,Store_1104,hibrido,50 %
ROUTE_0021,CUST_0151,Store_0151,fully,90 %
ROUTE_0013,CUST_1926,Store_1926,hibrido,49 %
ROUTE_0018,CUST_1282,Store_1282,hibrido,45 %
ROUTE_0020,CUST_1395,Store_1395,hibrido,28 %
ROUTE_0011,CUST_1443,Store_1443,hibrido,55 %
ROUTE_0007,CUST_0300,Store_0300,fully,78 %
ROUTE_0017,CUST_2043,Store_2043,fully,100 %
ROUTE_0013,CUST_0250,Store_0250,hibrido,23 %
ROUTE_0011,CUST_1268,Store_1268,fully,100 %
ROUTE_0016,CUST_0649,Store_0649,fully,100 %
ROUTE_0010,CUST_0193,Store_0193,fully,100 %
ROUTE_0015,CUST_0794,Store_0794,fully,100 %
ROUTE_0010,CUST_0374,Store_0374,hibrido,64 %
ROUTE_0010,CUST_1961,Store_1961,fully,83 %
ROUTE_0018,CUST_1507,Store_1507,fully,95 %
ROUTE_0016,CUST_1908,Store_1908,hibrido,65 %
ROUTE_0018,CUST_0175,Store_0175,fully,100 %
ROUTE_0011,CUST_1781,Store_1781,hibrido,67 %
ROUTE_0001,CUST_0699,Store_0699,hibrido,67 %
ROUTE_0011,CUST_0721,Store_0721,hibrido,14 %
ROUTE_0013,CUST_1882,Store_1882,hibrido,36 %
ROUTE_0001,CUST_0161,Store_0161,hibrido,29 %
ROUTE_0001,CUST_0028,Store_0028,fully,100 %
ROUTE_0002,CUST_1933,Store_1933,hibrido,42 %
ROUTE_0010,CUST_1762,Store_1762,fully,100 %
ROUTE_0005,CUST_0569,Store_0569,hibrido,40 %
ROUTE_0010,CUST_1116,Store_1116,fully,100 %
ROUTE_0016,CUST_1788,Store_1788,fully,80 %
ROUTE_0010,CUST_1484,Store_1484,fully,100 %
ROUTE_0018,CUST_1154,Store_1154,fully,77 %
ROUTE_0011,CUST_0143,Store_0143,hibrido,59 %
ROUTE_0015,CUST_0369,Store_0369,fully,93 %
ROUTE_0001,CUST_1615,Store_1615,fully,93 %
ROUTE_0011,CUST_1483,Store_1483,fully,100 %
ROUTE_0015,CUST_1397,Store_1397,hibrido,28 %
ROUTE_0009,CUST_1852,Store_1852,fully,100 %
ROUTE_0011,CUST_0518,Store_0518,fully,91 %
ROUTE_0001,CUST_1095,Store_1095,fully,100 %
ROUTE_0013,CUST_1086,Store_1086,hibrido,66 %
ROUTE_0001,CUST_1644,Store_1644,fully,100 %
ROUTE_0001,CUST_1546,Store_1546,fully,100 %
ROUTE_0008,CUST_1858,Store_1858,hibrido,45 %
ROUTE_0001,CUST_0428,Store_0428,hibrido,64 %
ROUTE_0007,CUST_1455,Store_1455,hibrido,25 %
ROUTE_0013,CUST_1101,Store_1101,hibrido,47 %
ROUTE_0016,CUST_1408,Store_1408,fully,86 %
ROUTE_0001,CUST_1486,Store_1486,fully,81 %
ROUTE_0022,CUST_1365,Store_1365,hibrido,34 %
ROUTE_0010,CUST_0502,Store_0502,fully,100 %
ROUTE_0001,CUST_1436,Store_1436,fully,100 %
ROUTE_0016,CUST_0737,Store_0737,fully,85 %
ROUTE_0018,CUST_0176,Store_0176,hibrido,61 %
ROUTE_0011,CUST_1050,Store_1050,fully,87 %
ROUTE_0001,CUST_0430,Store_0430,fully,100 %
ROUTE_0001,CUST_0355,Store_0355,fully,100 %
ROUTE_0016,CUST_0932,Store_0932,hibrido,53 %
ROUTE_0017,CUST_0326,Store_0326,hibrido,38 %
ROUTE_0016,CUST_1477,Store_1477,fully,96 %
ROUTE_0016,CUST_1210,Store_1210,hibrido,51 %
ROUTE_0010,CUST_0109,Store_0109,fully,89 %
ROUTE_0016,CUST_1057,Store_1057,hibrido,54 %
ROUTE_0001,CUST_1071,Store_1071,fully,100 %
ROUTE_0022,CUST_1932,Store_1932,hibrido,67 %
ROUTE_0016,CUST_1918,Store_1918,fully,80 %
ROUTE_0015,CUST_1802,Store_1802,fully,71 %
ROUTE_0007,CUST_1450,Store_1450,hibrido,60 %
